n,h,energy,transient,c,seed_J,seed_x,e1,e2
100,-0.6,0.5342096342422595,6.06375,2.0,47307.0125,48821.59375,0.5340319453121225,0.5340319453121225
100,-0.5932584269662922,0.5387104375035153,6.10375,2.0,50848.7,49868.37125,0.5381142375539493,0.5381142375539493
100,-0.5865168539325842,0.5406979188091207,6.20625,2.0,49170.58375,49903.52,0.5399879202314268,0.5399879202314268
100,-0.5797752808988764,0.5430616558341003,6.2125,2.0,49442.6475,49817.315,0.5432211756662009,0.5432211756662009
100,-0.5730337078651685,0.5429521770178435,6.28,2.0,49522.945,49361.6425,0.5437909375265436,0.5437909375265436
100,-0.5662921348314607,0.5420524253644172,6.27625,2.0,51186.72625,51404.81375,0.5414613970266764,0.5414613970266764
100,-0.5595505617977528,0.5474685695510529,6.44,2.0,51696.85375,50918.46125,0.5471949554986247,0.5471949554986247
100,-0.5528089887640449,0.5508081435822283,6.43875,2.0,50109.1725,51082.66625,0.5509950184467317,0.5509950184467317
100,-0.546067415730337,0.5510719704996923,6.3525,2.0,49742.11625,50496.69125,0.5511758940682343,0.5511758940682343
100,-0.5393258426966292,0.5531009840258467,6.485,2.0,48107.1775,49998.07,0.5532681930396107,0.5532681930396107
100,-0.5325842696629213,0.556148054405616,6.57,2.0,49487.25375,49753.54875,0.5558369348574899,0.5558369348574899
100,-0.5258426966292135,0.5608679599096985,6.67,2.0,50765.4875,50653.45,0.5606667220043713,0.5606667220043713
100,-0.5191011235955056,0.5596500394052157,6.66875,2.0,49739.58375,49841.24875,0.5590941929945961,0.5590941929945961
100,-0.5123595505617977,0.5597868661625444,6.6825,2.0,51089.245,51106.97,0.5599858323323488,0.5599858323323488
100,-0.5056179775280899,0.5638469031432708,6.84125,2.0,48709.91,48679.06875,0.563653408635156,0.563653408635156
100,-0.498876404494382,0.5655442655533413,6.81875,2.0,50331.76125,49604.01375,0.5661324095128223,0.5661324095128223
100,-0.49213483146067416,0.568185873281007,6.9975,2.0,48581.05875,49753.55625,0.5685248755716684,0.5685248755716684
100,-0.48539325842696623,0.5697318494341277,6.935,2.0,50321.3625,48825.08,0.5692521703515736,0.5692521703515736
100,-0.4786516853932584,0.5739111583457668,7.1475,2.0,49279.055,51232.87125,0.5734934672508996,0.5734934672508996
100,-0.47191011235955055,0.5742591680476223,7.1975,2.0,49967.1,49248.235,0.5746699047031737,0.5746699047031737
100,-0.4651685393258427,0.5797075324568546,7.2475,2.0,48592.33875,49333.9025,0.5794310695183758,0.5794310695183758
100,-0.4584269662921348,0.5779178244103028,7.33875,2.0,48926.7575,49743.44,0.5774652876043178,0.5774652876043178
100,-0.45168539325842694,0.5836035068424416,7.42125,2.0,49752.81125,49744.14,0.5837165025997214,0.5837165025997214
100,-0.44494382022471907,0.5828616238645675,7.4825,2.0,48227.325,50868.535,0.5833196383560112,0.5833196383560112
100,-0.4382022471910112,0.5862895151139631,7.6875,2.0,48548.2225,48930.935,0.5862880600725935,0.5862880600725935
100,-0.4314606741573034,0.5851533995589868,7.6625,2.0,48766.00125,49841.5075,0.5855883596370535,0.5855883596370535
100,-0.42471910112359545,0.5887607605390094,7.80625,2.0,49326.24625,49540.41625,0.5893087020491127,0.5892804378611163
100,-0.41797752808988764,0.5912780810081224,7.99375,2.0,49067.71125,52685.83875,0.5917701043614954,0.5917681954663155
100,-0.4112359550561797,0.5936971576759918,8.1,2.0,48817.78875,48645.445,0.5935326588817896,0.5936027835735899
100,-0.4044943820224719,0.5968274912438954,8.205,2.0,50373.27625,51478.57625,0.596863739126836,0.5968457652473044
100,-0.39775280898876403,0.5994990339098883,8.40875,2.0,51742.48,50401.71625,0.5993595851559327,0.5993777466023223
100,-0.39101123595505616,0.5981876789886246,8.37375,2.0,51303.77375,49561.8,0.5979807774338467,0.5980386596937122
100,-0.3842696629213483,0.6005187368666377,8.7175,2.0,48007.855,49979.06,0.6005791871073018,0.600699299600422
100,-0.3775280898876404,0.6010435314500914,8.80875,2.0,49098.275,49148.53875,0.6009614342098909,0.6010657793694767
100,-0.37078651685393255,0.6070915314288405,8.9775,2.0,48461.27125,50390.70125,0.6078752845226705,0.6078857596835308
100,-0.3640449438202247,0.6092146509742925,9.24,2.0,49522.0275,49480.39125,0.6088091871135635,0.608788196784581
100,-0.35730337078651686,0.6055709450917282,9.31,2.0,48991.66125,49462.03125,0.6055309484510624,0.6055524165028084
100,-0.35056179775280893,0.6130073358388873,9.50375,2.0,49844.89125,49658.19625,0.6128219961932658,0.6127088320689371
100,-0.3438202247191011,0.6102146254866979,9.65,2.0,50593.03625,50644.38375,0.6096081176793946,0.6100034710473576
100,-0.33707865168539325,0.6109906981057788,10.11125,2.0,49596.64875,50219.135,0.6104986944373764,0.6100639362587034
100,-0.3303370786516854,0.6140274929152231,10.3175,2.0,50499.2575,50034.58625,0.6134333916703053,0.6134902409149133
100,-0.3235955056179775,0.6134658717114982,10.45625,2.0,49203.72375,48500.3625,0.6136438571501842,0.6137858530569532
100,-0.31685393258426964,0.6135055712879587,10.705,2.0,48519.25625,49715.06375,0.6133120829997981,0.6133424642196976
100,-0.31011235955056177,0.6148107294873987,10.81,2.0,49586.845,49940.77,0.6154439609018176,0.61571007665578
100,-0.3033707865168539,0.6175503741446228,11.12625,2.0,52415.76,50023.15875,0.6170693234635702,0.6174019995883921
100,-0.296629213483146,0.6119267181890019,11.525,2.0,49495.90375,50907.205,0.6116657952989707,0.6123015374032662
100,-0.28988764044943816,0.6127301525463331,11.74,2.0,50652.3325,49961.95625,0.6131346137337756,0.6133340906696214
100,-0.2831460674157303,0.6124087193777892,12.09,2.0,48832.12375,50297.505,0.6129468857765479,0.6125477701660217
100,-0.2764044943820224,0.5985950201460496,12.2825,2.0,51243.69375,47814.985,0.59878116080741,0.5994060094598774
100,-0.2696629213483146,0.6103413459424224,12.75875,2.0,50831.70625,51711.69625,0.6100619457183404,0.6106083058711063
100,-0.26292134831460673,0.6033363224304673,12.55125,2.0,51133.005,50280.615,0.6038399588932731,0.6037830594007985
100,-0.25617977528089886,0.6037487969295756,13.03375,2.0,51519.9175,50408.405,0.6041875220693427,0.6048481983932178
100,-0.249438202247191,0.5899043648794882,13.3175,2.0,49566.77625,50896.6525,0.5900918089721717,0.5897247989041083
100,-0.24269662921348312,0.5885636848722299,13.46,2.0,50601.3325,50586.89125,0.5880708269732478,0.5887437132908839
100,-0.23595505617977525,0.5722363509694215,13.69375,2.0,50182.24125,49595.87125,0.5692778931316973,0.5702188917725683
100,-0.22921348314606738,0.5753318107275286,13.9925,2.0,50815.5125,49733.01875,0.5757499614366626,0.5768825742233498
100,-0.2224719101123595,0.5633073033131389,14.015,2.0,51436.9675,48945.37125,0.5633584688414833,0.5646289243412606
100,-0.21573033707865163,0.5468554802944562,14.26,2.0,49911.75375,50122.1425,0.54944575404555,0.5503065762043199
100,-0.20898876404494376,0.5344244679480704,14.495,2.0,49782.9675,52055.96625,0.5333279510638841,0.5357696755961711
100,-0.20224719101123595,0.5314665829554012,14.295,2.0,50635.86875,49504.98625,0.5290070080180521,0.5324657085973424
100,-0.19550561797752808,0.5185960918932156,14.48,2.0,51084.27125,50745.5575,0.5173232347198038,0.5189390469608243
100,-0.1887640449438202,0.5035784090766992,14.905,2.0,52272.89,48867.08625,0.5031128718746078,0.5051746559812113
100,-0.18202247191011234,0.4922304912795161,14.59125,2.0,51260.97625,51170.795,0.49207736424294685,0.49693770916149593
100,-0.17528089887640447,0.48641773310555464,15.31375,2.0,50520.23125,49800.90625,0.48827458286963854,0.48967558048518295
100,-0.1685393258426966,0.4731697598137321,15.1175,2.0,52010.2775,51280.24875,0.4705241059364058,0.4729478366561767
100,-0.16179775280898873,0.45710533096802825,15.1675,2.0,52297.83,49830.485,0.4552589313722395,0.4579624302370807
100,-0.15505617977528086,0.4298572338235401,15.11625,2.0,52104.14875,47652.76375,0.43125585075811174,0.43211991048191095
100,-0.14831460674157299,0.410467618744428,15.085,2.0,49655.925,50364.55625,0.40562717963278927,0.4081040107391589
100,-0.14157303370786511,0.3996911906686302,14.88,2.0,49046.08125,49916.015,0.39771370465428585,0.399769688292762
100,-0.13483146067415724,0.36833711076564396,14.56875,2.0,48454.07125,49395.84,0.3652939005650051,0.3677451233610004
100,-0.12808988764044943,0.36033602596931175,14.975,2.0,47855.76,48819.6575,0.36082240432977564,0.3629048847874105
100,-0.12134831460674156,0.32990086054521794,14.89375,2.0,49942.53,48771.37125,0.32637573562570527,0.3286065085562266
100,-0.11460674157303369,0.3063074908602022,14.5775,2.0,49823.40625,49336.99,0.3009141567482172,0.3056379966978216
100,-0.10786516853932582,0.29566463089310263,14.79125,2.0,50082.91125,49088.32125,0.29473502718145583,0.2959892772886045
100,-0.10112359550561795,0.2867244441951481,14.7375,2.0,50199.9675,48491.6225,0.28642097761408564,0.28761211384357704
100,-0.09438202247191008,0.2804597515658278,14.6775,2.0,50549.695,50384.05125,0.2805006602687656,0.2828940473779903
100,-0.08764044943820226,0.24693375116032099,14.18375,2.0,49010.1525,50357.73375,0.24529102669329925,0.2443618486465808
100,-0.08089887640449434,0.24059323854886044,14.29625,2.0,49482.1875,50514.40375,0.24266620263184416,0.24180739097311846
100,-0.07415730337078652,0.21861465163598054,14.07875,2.0,49767.9625,49068.15125,0.21984473901378368,0.22552606196176647
100,-0.0674157303370786,0.18638917658564336,14.21625,2.0,51795.055,50256.575,0.18048546283006786,0.1829328637338852
100,-0.06067415730337078,0.171414807352824,14.4175,2.0,50060.3575,48614.35,0.1723268788977452,0.17476954026121064
100,-0.05393258426966285,0.14364983129445763,14.0525,2.0,50474.95375,51854.60625,0.14361110155197185,0.1460300654498012
100,-0.04719101123595504,0.12961233974909406,14.0,2.0,49561.91125,51599.9625,0.1317170653629594,0.13108660248649498
100,-0.04044943820224711,0.1027933334647018,13.99875,2.0,50949.475,50456.65,0.103449174026263,0.10804439625971299
100,-0.0337078651685393,0.08979853758761239,13.5775,2.0,49539.78375,47429.12125,0.08594012252104583,0.08822777686896417
100,-0.02696629213483137,0.08425326846853118,14.16,2.0,49061.9425,50696.78625,0.08518980229556429,0.08514814520280499
100,-0.020224719101123556,0.0576141383705893,14.33625,2.0,50625.65625,50396.46875,0.0546991945748174,0.054947765193301905
100,-0.013483146067415741,0.04289132185946221,14.19375,2.0,49344.29375,49049.8225,0.044323622844617896,0.0420773458934909
100,-0.006741573033707815,0.005429139323812346,14.41875,2.0,48786.20625,49838.10875,0.006486424280300237,0.0074116742750612525
100,0.0,0.007423503322373837,14.0875,2.0,51215.525,48340.0175,0.012206990092449254,0.017262961983393624
100,0.006896551724137932,-0.013871202738071069,13.8725,2.0,48623.8525,50065.02625,,
100,0.013793103448275864,-0.04271026825790987,13.8975,2.0,50021.5125,50730.755,,
100,0.020689655172413796,-0.053302919328469936,13.9875,2.0,51734.91875,50408.8575,,
100,0.027586206896551727,-0.08236350986326087,13.9675,1.99875,50835.15375,50462.02875,,
100,0.03448275862068966,-0.0821706005555344,14.03625,1.99875,48366.80125,49998.02875,,
100,0.04137931034482759,-0.12271930537852692,14.4,1.99625,48797.6375,48717.175,,
100,0.048275862068965524,-0.13309043655473843,14.33125,1.9875,49789.41625,49684.67125,,
100,0.055172413793103454,-0.1568114716746601,14.08,1.99375,49719.4925,49371.72375,,
100,0.062068965517241385,-0.168333326630706,14.155,1.99375,49350.52625,50665.885,,
100,0.06896551724137932,-0.20423385743839165,14.2825,1.98375,50967.07625,51346.265,,
100,0.07586206896551725,-0.21332420420797416,14.27375,1.97875,50451.62125,49299.175,,
100,0.08275862068965519,-0.23128218070382003,14.37625,1.9725,49984.52,49654.96375,,
100,0.08965517241379312,-0.26486608538721595,14.84375,1.97,50057.62625,51696.46125,,
100,0.09655172413793105,-0.25801928544763714,14.66125,1.94625,49535.295,50117.62375,,
100,0.10344827586206898,-0.3048565853110463,14.6525,1.93375,50809.9825,48529.36875,,
100,0.11034482758620691,-0.3055556371108976,14.70375,1.9425,51030.8575,48646.61375,,
100,0.11724137931034484,-0.32284578252369917,14.49625,1.91125,49169.19625,50269.6175,,
100,0.12413793103448277,-0.3462523685714254,14.7225,1.88625,50250.73875,51888.07125,,
100,0.1310344827586207,-0.3611197164958168,14.70625,1.87625,48898.58125,49564.90125,,
100,0.13793103448275865,-0.3968697432577036,14.98875,1.86,52156.00125,48968.605,,
100,0.14482758620689656,-0.4118320012322967,14.7475,1.81125,50635.5125,49813.91125,,
100,0.1517241379310345,-0.41557885889446916,14.84375,1.79625,50609.0625,49232.95,,
100,0.15862068965517243,-0.44122376620591663,14.91375,1.7725,51710.4525,50087.87875,,
100,0.16551724137931037,-0.45257252502103335,14.90875,1.7325,49097.5775,50772.0925,,
100,0.1724137931034483,-0.47487129661882127,14.88875,1.6775,51106.82625,50397.0225,,
100,0.17931034482758623,-0.49378058850644185,14.81625,1.63625,50045.295,50033.83125,,
100,0.18620689655172415,-0.5067604035317905,14.365,1.58,50110.6725,50403.74375,,
100,0.1931034482758621,-0.509754371898495,14.07875,1.55875,48641.16625,48577.7825,,
100,0.2,-0.5196210481642034,14.32875,1.53125,50047.0725,49765.49,,
100,0.20681818181818182,-0.539336863770056,13.97125,1.48,50341.5575,49831.60125,,
100,0.21363636363636365,-0.5500533792251431,14.00125,1.4625,51082.47,48165.395,,
100,0.22045454545454546,-0.5495746391844868,13.565,1.42,50381.2275,50234.2,,
100,0.2272727272727273,-0.5687425249314348,13.39375,1.36125,52757.02375,49237.5425,,
100,0.2340909090909091,-0.5831291287763931,13.0375,1.32375,53969.20625,51278.71625,,
100,0.2409090909090909,-0.5862341314486821,12.955,1.2825,50551.83625,49544.56625,,
100,0.24772727272727274,-0.5977738843335867,12.77,1.245,50105.18625,49635.21125,,
100,0.2545454545454546,-0.5988316216224023,12.42125,1.2225,49552.42125,49598.25,,
100,0.26136363636363635,-0.6011948162952794,12.18125,1.19625,49781.31375,49640.57875,,
100,0.2681818181818182,-0.6049427085087259,11.82,1.17375,50634.995,50110.205,,
100,0.275,-0.6099858121866538,11.45125,1.1425,49870.98125,49351.73,,
100,0.28181818181818186,-0.6169533876151124,11.14875,1.11625,50468.36625,50068.61,,
100,0.28863636363636364,-0.6098292491903688,10.955,1.12,51248.6425,48153.08,,
100,0.29545454545454547,-0.6120436895782799,10.4825,1.11125,50129.68125,50209.48625,,
100,0.30227272727272725,-0.6133369545080601,10.33375,1.0875,51669.36625,51645.59375,,
100,0.3090909090909091,-0.6152689684914036,10.17375,1.0725,50370.89375,47601.415,,
100,0.3159090909090909,-0.616917920359655,9.7725,1.05,50907.7325,49105.33125,,
100,0.32272727272727275,-0.613714357963003,9.4875,1.0525,50357.82375,50057.0725,,
100,0.3295454545454546,-0.6145885056640323,9.17375,1.035,48812.28375,49447.8025,,
100,0.33636363636363636,-0.6115483409225569,8.94125,1.0325,49061.5025,50193.36,,
100,0.3431818181818182,-0.6097854017481739,8.615,1.02375,48469.8975,50050.61625,,
100,0.35,-0.6108418216578951,8.6675,1.02,49269.01375,50830.745,,
100,0.3568181818181818,-0.6109389509017352,8.42125,1.02,51335.13625,49418.74625,,
100,0.36363636363636365,-0.6089364588467546,8.2275,1.01375,49767.2425,50335.8925,,
100,0.3704545454545455,-0.60769250684497,8.09375,1.01375,50294.94125,49607.07875,,
100,0.3772727272727273,-0.6040394636010061,7.67875,1.005,50242.595,49838.49375,,
100,0.3840909090909091,-0.5996166400977001,7.56125,1.01,48357.75375,51334.5175,,
100,0.3909090909090909,-0.5995279715587187,7.4875,1.00375,50762.56875,49875.25,,
100,0.3977272727272727,-0.5963222404100241,7.30375,1.005,49685.51125,50637.38125,,
100,0.40454545454545454,-0.5966240648212193,7.25,1.0,50488.82875,49686.53,,
100,0.4113636363636364,-0.5955263652460541,6.96125,1.00125,50772.42125,47955.25375,,
100,0.4181818181818182,-0.589902175654533,6.83875,1.0,50613.86875,51451.69,,
100,0.425,-0.5901575874075493,6.83,1.0025,49998.96125,51006.28125,,
100,0.4318181818181818,-0.5881491452156064,6.735,1.0,50496.32875,49527.2875,,
100,0.4386363636363636,-0.5869462020401006,6.6625,1.0,49965.76625,48929.51875,,
100,0.44545454545454544,-0.5816338208936299,6.5175,1.0,51540.115,50463.10375,,
100,0.45227272727272727,-0.5819525417506831,6.385,1.0,52441.54125,49265.6475,,
100,0.4590909090909091,-0.5791355970150832,6.385,1.0,50462.9375,48999.42375,,
100,0.4659090909090909,-0.5799901683478482,6.285,1.0,50676.6075,49024.96625,,
100,0.4727272727272727,-0.5741803722516006,6.1375,1.0,50205.74875,48505.985,,
100,0.47954545454545455,-0.5725353089616577,6.06875,1.0,51956.2875,50862.09625,,
100,0.4863636363636364,-0.5695974506195441,6.085,1.0,49138.76,50904.38875,,
100,0.49318181818181817,-0.5682945933343554,5.93625,1.0,50141.08625,49436.19125,,
100,0.5,-0.5672478514639508,5.93625,1.0,48804.28,51460.16875,,
200,-0.6,0.5444424971233903,7.06625,2.0,49679.5225,50320.77625,,
200,-0.5932584269662922,0.5445342486387875,7.05,2.0,49528.6,48625.73,,
200,-0.5865168539325842,0.5486072031824849,7.14875,2.0,49653.0925,51091.42,,
200,-0.5797752808988764,0.5475912516246723,7.16625,2.0,50853.99125,50281.78,,
200,-0.5730337078651685,0.5521246133269377,7.25375,2.0,49006.02125,50413.33,,
200,-0.5662921348314607,0.5538221923135767,7.27875,2.0,51486.13875,48978.76,,
200,-0.5595505617977528,0.5550001247884805,7.3075,2.0,48091.165,49392.12375,,
200,-0.5528089887640449,0.5556104084306316,7.36375,2.0,49570.23875,50197.99125,,
200,-0.546067415730337,0.5588721317085014,7.42,2.0,50678.71625,51153.685,,
200,-0.5393258426966292,0.5603496608913348,7.4775,2.0,49321.31875,49376.35,,
200,-0.5325842696629213,0.5626717351798696,7.5575,2.0,49462.34,48940.3875,,
200,-0.5258426966292135,0.5620225649411713,7.55625,2.0,50389.375,48904.64875,,
200,-0.5191011235955056,0.5668220095573773,7.59125,2.0,49336.72875,49906.86875,,
200,-0.5123595505617977,0.5652373489178154,7.68375,2.0,49549.78,51995.9675,,
200,-0.5056179775280899,0.5714091930428009,7.81875,2.0,49652.17375,48951.625,,
200,-0.498876404494382,0.5727067422652766,7.6825,2.0,50380.09125,50211.44125,,
200,-0.49213483146067416,0.575634659378167,7.8875,2.0,49660.0425,49391.5025,,
200,-0.48539325842696623,0.5767544337157576,7.98125,2.0,50516.10625,48923.97875,,
200,-0.4786516853932584,0.5787691850157867,7.975,2.0,49628.71125,49763.98625,,
200,-0.47191011235955055,0.5818050072737825,8.1625,2.0,48962.9425,51254.33,,
200,-0.4651685393258427,0.5831281141119373,8.1225,2.0,50672.2375,49228.77375,,
200,-0.4584269662921348,0.585802683733466,8.23,2.0,48628.61125,50757.4025,,
200,-0.45168539325842694,0.5861522928228011,8.32375,2.0,50288.92375,48810.96125,,
200,-0.44494382022471907,0.5894533349628989,8.42625,2.0,49848.12875,48433.10625,,
200,-0.4382022471910112,0.5913429453886416,8.58625,2.0,51038.40625,50100.83875,,
200,-0.4314606741573034,0.594054309248468,8.675,2.0,50722.4425,50929.2125,,
200,-0.42471910112359545,0.5961071907628359,8.76875,2.0,51980.66,50865.31375,,
200,-0.41797752808988764,0.5980379640329155,8.91,2.0,49340.97875,48921.35375,,
200,-0.4112359550561797,0.6010270302318504,9.08625,2.0,47814.5975,50900.4725,,
200,-0.4044943820224719,0.6018584271472478,9.0725,2.0,50358.43,48955.52625,,
200,-0.39775280898876403,0.603604014735225,9.2225,2.0,50228.64,49704.875,,
200,-0.39101123595505616,0.6063729247229476,9.49125,2.0,50277.45625,50341.695,,
200,-0.3842696629213483,0.6061624384871148,9.47875,2.0,51140.615,50857.4825,,
200,-0.3775280898876404,0.611278536014598,9.59,2.0,49101.74375,49505.45,,
200,-0.37078651685393255,0.6114682933547739,9.885,2.0,49733.69375,49527.35625,,
200,-0.3640449438202247,0.6150956443582024,10.1175,2.0,50924.93625,50953.7375,,
200,-0.35730337078651686,0.6168891245676894,10.30875,2.0,48524.69375,49621.9825,,
200,-0.35056179775280893,0.6188437182700983,10.36375,2.0,50836.88875,50020.0775,,
200,-0.3438202247191011,0.6211549541738876,10.815,2.0,49159.15125,51469.4875,,
200,-0.33707865168539325,0.6246748388790027,11.1175,2.0,50121.76125,51325.7675,,
200,-0.3303370786516854,0.6255204740718358,11.17,2.0,50054.15875,49629.68,,
200,-0.3235955056179775,0.6272334099682659,11.5675,2.0,49081.1025,50790.69,,
200,-0.31685393258426964,0.628821053861395,11.8825,2.0,49527.27,49082.18625,,
200,-0.31011235955056177,0.6309192517447266,12.225,2.0,50321.66375,50904.95625,,
200,-0.3033707865168539,0.6313318791162709,12.62375,2.0,49643.5775,51981.6825,,
200,-0.296629213483146,0.6349077156394723,12.99,2.0,50253.65125,50817.40375,,
200,-0.28988764044943816,0.6376742664119002,13.6325,2.0,50849.83625,49177.37,,
200,-0.2831460674157303,0.6384725825523829,13.86625,2.0,48335.66375,48128.17125,,
200,-0.2764044943820224,0.6382147150808614,14.15625,2.0,47269.09375,51214.62875,,
200,-0.2696629213483146,0.6409072176943325,14.84625,2.0,49733.6775,50481.87125,,
200,-0.26292134831460673,0.6421122887826205,15.52625,2.0,49884.285,49814.08625,,
200,-0.25617977528089886,0.6405681303523657,15.8325,2.0,50449.35375,50417.01875,,
200,-0.249438202247191,0.6378195353636584,16.21625,2.0,50209.72375,49676.475,,
200,-0.24269662921348312,0.6352845854269579,17.57625,2.0,49030.28625,49482.265,,
200,-0.23595505617977525,0.6359760601511057,17.995,2.0,50921.95875,49432.745,,
200,-0.22921348314606738,0.6289288533555006,18.99375,2.0,49986.985,49345.5075,,
200,-0.2224719101123595,0.625164213885077,18.96125,2.0,49855.4725,50494.4925,,
200,-0.21573033707865163,0.6160783164225998,20.2825,2.0,49873.27875,50242.65125,,
200,-0.20898876404494376,0.610720576921567,19.985,2.0,50734.50375,50513.5725,,
200,-0.20224719101123595,0.6055670627734994,21.56875,2.0,52016.47625,52000.0,,
200,-0.19550561797752808,0.5928834154046206,21.245,2.0,48231.725,49900.1775,,
200,-0.1887640449438202,0.579060096880634,22.2325,2.0,48694.5975,48813.69125,,
200,-0.18202247191011234,0.5664553706136212,21.90125,2.0,51236.65625,49018.74375,,
200,-0.17528089887640447,0.547846779637555,22.63125,2.0,51558.745,49622.365,,
200,-0.1685393258426966,0.5381792324183441,22.3625,2.0,50458.94625,49183.44,,
200,-0.16179775280898873,0.5218731802876406,23.0,2.0,48928.4175,48776.1525,,
200,-0.15505617977528086,0.49143547817833694,22.61375,2.0,50712.66,50428.98625,,
200,-0.14831460674157299,0.47277538848893513,23.17,2.0,50036.07875,50144.7375,,
200,-0.14157303370786511,0.4408432212777847,22.56,2.0,49720.61375,50918.3225,,
200,-0.13483146067415724,0.4349726867785953,22.40125,2.0,51513.305,49009.58,,
200,-0.12808988764044943,0.3997082137256987,22.11625,2.0,50148.28625,49000.12375,,
200,-0.12134831460674156,0.39348799249163635,22.21375,2.0,51694.8925,50427.60375,,
200,-0.11460674157303369,0.3723165006412119,22.54875,2.0,49957.645,47405.4275,,
200,-0.10786516853932582,0.3383586103712567,22.225,2.0,50532.58,51490.20875,,
200,-0.10112359550561795,0.31897228156615925,21.89625,2.0,51023.445,48571.29625,,
200,-0.09438202247191008,0.2955012825037995,21.65875,2.0,51075.6875,51414.41125,,
200,-0.08764044943820226,0.27468686319533253,21.48625,2.0,50458.43375,50391.72,,
200,-0.08089887640449434,0.24137133021978877,21.1925,2.0,50181.00375,52084.7275,,
200,-0.07415730337078652,0.23620729509051688,20.94375,2.0,48907.34125,48594.8325,,
200,-0.0674157303370786,0.21049688105632416,20.75875,2.0,50537.02125,48881.5275,,
200,-0.06067415730337078,0.19441083821717542,20.85875,2.0,50456.52125,50964.30125,,
200,-0.05393258426966285,0.16350550568111694,20.8025,2.0,51123.91,48439.76625,,
200,-0.04719101123595504,0.14684842544650953,20.88,2.0,50240.2175,48740.50625,,
200,-0.04044943820224711,0.12494583619195546,21.04625,2.0,49841.39125,49392.64375,,
200,-0.0337078651685393,0.09849936829467158,20.1225,2.0,49454.45875,49434.3525,,
200,-0.02696629213483137,0.08538616353501355,20.07625,2.0,49422.335,49308.8825,,
200,-0.020224719101123556,0.06398206508287135,20.55375,2.0,50406.1275,50887.14875,,
200,-0.013483146067415741,0.04216103387683521,20.22875,2.0,48336.5975,50419.97625,,
200,-0.006741573033707815,0.03091895200752998,20.3725,2.0,51345.735,49615.60125,,
200,0.0,-0.003274524746997381,20.23875,2.0,49279.1375,51236.82,,
200,0.006896551724137932,-0.015530751289773275,20.17375,2.0,50497.84125,50517.57625,,
200,0.013793103448275864,-0.05667274509590636,20.19625,2.0,49507.375,51081.50875,,
200,0.020689655172413796,-0.05808007732709135,20.60375,2.0,48401.52,50847.295,,
200,0.027586206896551727,-0.08336536775969161,20.265,2.0,50463.70875,51653.85375,,
200,0.03448275862068966,-0.10720438008883287,20.57375,2.0,49555.9,48161.03375,,
200,0.04137931034482759,-0.13373687721054217,20.71,2.0,48048.74,50274.255,,
200,0.048275862068965524,-0.14925289452007756,20.53875,2.0,49725.17625,48567.97625,,
200,0.055172413793103454,-0.1779907180847393,20.5425,1.9975,48550.215,49790.89,,
200,0.062068965517241385,-0.19978559200509077,21.2125,1.99875,47667.2025,52399.82,,
200,0.06896551724137932,-0.2111045848920826,20.965,2.0,51191.38875,49298.91625,,
200,0.07586206896551725,-0.2458063003721138,21.66625,1.9975,49328.64375,50376.35,,
200,0.08275862068965519,-0.25847405628132725,21.27,1.99375,49130.48,51723.9225,,
200,0.08965517241379312,-0.28062925723516696,21.48125,1.98875,51520.01625,49628.06625,,
200,0.09655172413793105,-0.30633320864599173,21.66625,1.97875,51710.85,49783.685,,
200,0.10344827586206898,-0.33224383589587797,21.45875,1.9725,49809.17375,50997.15375,,
200,0.11034482758620691,-0.35439438762682757,22.36375,1.95625,50113.4425,49636.45,,
200,0.11724137931034484,-0.3709679107704115,21.82375,1.945,49905.38375,48508.84,,
200,0.12413793103448277,-0.4012251850920775,21.965,1.93,50729.96375,49836.1875,,
200,0.1310344827586207,-0.4171743329857652,22.54625,1.9,50446.7675,50411.1475,,
200,0.13793103448275865,-0.43323385051386426,22.29125,1.88875,49341.145,49202.8575,,
200,0.14482758620689656,-0.4551495945004629,22.4275,1.82875,50546.25875,49588.8875,,
200,0.1517241379310345,-0.4823867612131847,22.4075,1.81375,49769.86125,48048.1275,,
200,0.15862068965517243,-0.5046340658768291,22.40625,1.72875,49513.11125,51008.77875,,
200,0.16551724137931037,-0.5275828582641325,22.17,1.66,49950.015,50092.72375,,
200,0.1724137931034483,-0.5275788605959907,22.195,1.64875,50166.93125,49124.92875,,
200,0.17931034482758623,-0.5554820408512423,22.12875,1.60375,49415.205,49433.94375,,
200,0.18620689655172415,-0.5687846496455687,21.39,1.51125,48719.1125,50940.50125,,
200,0.1931034482758621,-0.5987600831337627,21.00875,1.415,50180.81625,49382.78375,,
200,0.2,-0.596140428317757,20.88625,1.36125,50347.885,49886.485,,
200,0.20681818181818182,-0.6084233607905734,19.43,1.30875,50036.915,50064.6475,,
200,0.21363636363636365,-0.6110808898294526,19.38,1.2975,50144.5975,49998.52,,
200,0.22045454545454546,-0.6230597064968426,18.6025,1.23375,51516.4575,49588.07875,,
200,0.2272727272727273,-0.6299400496376848,17.59375,1.17125,50554.14,50374.6775,,
200,0.2340909090909091,-0.6332890898978316,17.145,1.1425,50089.87125,51172.36875,,
200,0.2409090909090909,-0.6368664378257509,16.7175,1.13625,48038.62875,50203.37875,,
200,0.24772727272727274,-0.6401714775935438,15.8475,1.0875,50298.28,48603.91875,,
200,0.2545454545454546,-0.6403117312178062,15.33875,1.0825,50849.38,51032.82875,,
200,0.26136363636363635,-0.6417257089879029,14.93625,1.055,50554.98375,48606.775,,
200,0.2681818181818182,-0.6392859562872938,13.8,1.04375,50852.23125,49225.815,,
200,0.275,-0.6398241586185993,13.59625,1.0225,50436.1825,48262.95875,,
200,0.28181818181818186,-0.6381611244624694,13.02125,1.025,50493.34125,50452.35,,
200,0.28863636363636364,-0.6384739925945226,12.64625,1.02,50752.99125,50220.615,,
200,0.29545454545454547,-0.6392279945704002,12.0775,1.00875,48510.30875,50322.32625,,
200,0.30227272727272725,-0.6340634233140944,11.53125,1.0075,49021.54375,49540.72625,,
200,0.3090909090909091,-0.6307616136719004,11.1925,1.01125,48925.7175,48703.4225,,
200,0.3159090909090909,-0.6297576822868572,10.71625,1.00375,49226.23125,51156.93375,,
200,0.32272727272727275,-0.6267161128748099,10.645,1.00375,50599.39,49154.20125,,
200,0.3295454545454546,-0.6242287535167249,10.2525,1.00125,49512.6175,48500.595,,
200,0.33636363636363636,-0.6254640480763326,9.98375,1.0,50358.2475,49622.04125,,
200,0.3431818181818182,-0.6213591053480179,9.6025,1.00375,50130.55125,50527.13,,
200,0.35,-0.6216679702251271,9.655,1.0,51503.44375,49816.27875,,
200,0.3568181818181818,-0.6169429415524411,9.28,1.0,47985.63875,49726.33,,
200,0.36363636363636365,-0.6144592440759573,9.10375,1.0,50942.75625,48600.37625,,
200,0.3704545454545455,-0.6131543495227718,8.9425,1.0,49624.9775,50694.40875,,
200,0.3772727272727273,-0.6090183762026699,8.69375,1.0,50324.27125,49775.34625,,
200,0.3840909090909091,-0.6103902230272886,8.5525,1.0,52698.62625,51397.62625,,
200,0.3909090909090909,-0.6061442651069504,8.49,1.0,49973.01625,48787.1375,,
200,0.3977272727272727,-0.6055002031563456,8.38125,1.0,50625.56125,50979.16875,,
200,0.40454545454545454,-0.6018471694112933,8.14,1.0,49900.2925,48214.43375,,
200,0.4113636363636364,-0.5988378625830483,7.9125,1.0,51262.145,50700.55875,,
200,0.4181818181818182,-0.5971502089339727,7.83125,1.0,49994.0875,49185.4775,,
200,0.425,-0.5942605514274321,7.8025,1.0,51709.72375,49435.84125,,
200,0.4318181818181818,-0.5930288966288632,7.66,1.0,49086.00375,49447.12,,
200,0.4386363636363636,-0.5899348905154287,7.52875,1.0,49037.22,51060.1425,,
200,0.44545454545454544,-0.5886880968555444,7.38875,1.0,51638.03375,50116.5875,,
200,0.45227272727272727,-0.5871958024158431,7.31125,1.0,47505.22625,50447.30625,,
200,0.4590909090909091,-0.5865599482369289,7.35875,1.0,50144.04,49920.86875,,
200,0.4659090909090909,-0.5821119882240139,7.23125,1.0,48827.92125,50280.855,,
200,0.4727272727272727,-0.5811383268435203,7.20375,1.0,49151.0875,51217.51,,
200,0.47954545454545455,-0.5776387661038899,6.9925,1.0,51858.21375,49668.0875,,
200,0.4863636363636364,-0.5772308159594484,6.8775,1.0,49542.4925,50349.80125,,
200,0.49318181818181817,-0.5742682904934987,6.85875,1.0,51982.8525,51076.9425,,
200,0.5,-0.5715334927250939,6.76875,1.0,47936.1675,50264.645,,
400,-0.6,0.5461657923870663,8.22625,2.0,50919.21,50090.12375,,
400,-0.5932584269662922,0.5480457442505391,8.225,2.0,50470.12375,50441.52625,,
400,-0.5865168539325842,0.549642952051388,8.27375,2.0,50218.155,48860.675,,
400,-0.5797752808988764,0.5525219734783192,8.2275,2.0,51544.70375,49609.625,,
400,-0.5730337078651685,0.5541545343079386,8.30375,2.0,49056.14,49390.5325,,
400,-0.5662921348314607,0.5562546134085196,8.36,2.0,50294.06,48890.27625,,
400,-0.5595505617977528,0.5581485460496831,8.38875,2.0,49418.92875,48049.6925,,
400,-0.5528089887640449,0.5583562385799383,8.46875,2.0,48759.51125,50891.2975,,
400,-0.546067415730337,0.5620028442218472,8.55,2.0,51070.0925,50686.92875,,
400,-0.5393258426966292,0.5645767332862409,8.64375,2.0,49458.1675,49929.94,,
400,-0.5325842696629213,0.5661829230358835,8.72375,2.0,49618.6525,50412.65375,,
400,-0.5258426966292135,0.5684135704624085,8.68625,2.0,49919.06375,49900.19875,,
400,-0.5191011235955056,0.5714315101360384,8.84875,2.0,49280.21375,50522.15,,
400,-0.5123595505617977,0.5727958876771517,8.84,2.0,49949.1875,50677.68,,
400,-0.5056179775280899,0.5738474385226389,8.8425,2.0,50816.29,51785.365,,
400,-0.498876404494382,0.5760859148110044,9.00875,2.0,49458.67875,49484.265,,
400,-0.49213483146067416,0.5796372429097769,9.04375,2.0,50343.7025,50957.135,,
400,-0.48539325842696623,0.5813882803413616,9.33375,2.0,48731.18625,51080.6825,,
400,-0.4786516853932584,0.5824693829109066,9.2875,2.0,49714.59625,52607.275,,
400,-0.47191011235955055,0.583771820524813,9.1925,2.0,51059.23375,51006.79375,,
400,-0.4651685393258427,0.5868933133773138,9.28125,2.0,49899.19375,50198.0,,
400,-0.4584269662921348,0.5889746672672147,9.4775,2.0,50030.15375,49997.28875,,
400,-0.45168539325842694,0.5913052455907758,9.55375,2.0,51133.8725,52132.49,,
400,-0.44494382022471907,0.5920216744042253,9.67,2.0,49967.84125,50832.37125,,
400,-0.4382022471910112,0.5954121495266009,9.75375,2.0,50332.19375,52124.7975,,
400,-0.4314606741573034,0.5961098934148343,9.78375,2.0,48220.92375,50352.665,,
400,-0.42471910112359545,0.5998658315182044,9.91375,2.0,50370.37375,51578.86375,,
400,-0.41797752808988764,0.599239046302315,10.00125,2.0,48834.1775,50869.86125,,
400,-0.4112359550561797,0.6032416741238679,10.28,2.0,51761.71875,51606.72875,,
400,-0.4044943820224719,0.6056448846298078,10.27,2.0,49366.5,50571.45875,,
400,-0.39775280898876403,0.6074004400665689,10.48625,2.0,49449.68875,51524.13875,,
400,-0.39101123595505616,0.6110528919904192,10.5375,2.0,49184.495,49783.0575,,
400,-0.3842696629213483,0.6119253247185277,10.80625,2.0,50866.34125,51282.5975,,
400,-0.3775280898876404,0.6122276211076902,10.75375,2.0,51507.56,50493.2075,,
400,-0.37078651685393255,0.6155367551686939,11.14375,2.0,50447.68625,52849.77375,,
400,-0.3640449438202247,0.6176600643639929,11.30375,2.0,50899.6125,49842.52375,,
400,-0.35730337078651686,0.620011216721696,11.42125,2.0,48705.79,49511.93375,,
400,-0.35056179775280893,0.6231765879772048,11.62,2.0,50780.49625,51606.9975,,
400,-0.3438202247191011,0.624413864218142,11.73125,2.0,49389.63125,49340.55625,,
400,-0.33707865168539325,0.6265997568917805,12.0725,2.0,49511.77625,50644.09375,,
400,-0.3303370786516854,0.6285073495100167,12.32,2.0,49776.0425,49665.555,,
400,-0.3235955056179775,0.6308492537341075,12.58625,2.0,50371.3875,49179.2575,,
400,-0.31685393258426964,0.635223736678773,12.91,2.0,50083.18375,51515.28375,,
400,-0.31011235955056177,0.6363023581691348,13.2075,2.0,50106.0375,49137.53,,
400,-0.3033707865168539,0.6378840897756269,13.6375,2.0,50552.49875,50509.7125,,
400,-0.296629213483146,0.6417039961179652,13.9625,2.0,50818.56,51050.49375,,
400,-0.28988764044943816,0.6427710715521219,14.42875,2.0,49504.8075,49534.84625,,
400,-0.2831460674157303,0.6453226657407509,14.9425,2.0,49939.3875,48942.24625,,
400,-0.2764044943820224,0.6478387073207698,15.28375,2.0,49556.06875,49374.8325,,
400,-0.2696629213483146,0.6499340140957994,16.37125,2.0,50397.45625,50012.7725,,
400,-0.26292134831460673,0.6513035824278675,16.62375,2.0,50814.39875,47950.295,,
400,-0.25617977528089886,0.6540227586045951,17.72875,2.0,49192.4975,49492.01,,
400,-0.249438202247191,0.6555877725064039,18.67,2.0,50222.10875,48069.265,,
400,-0.24269662921348312,0.6585562209845324,19.32125,2.0,50420.95625,48573.78875,,
400,-0.23595505617977525,0.6593401360328899,20.19875,2.0,49529.02875,49514.23625,,
400,-0.22921348314606738,0.6607297460346337,21.81,2.0,50656.19875,49376.97375,,
400,-0.2224719101123595,0.6599635164958224,22.7775,2.0,49290.01375,50683.71625,,
400,-0.21573033707865163,0.658907335307939,24.2575,2.0,49763.27625,48895.7675,,
400,-0.20898876404494376,0.6615642089049244,25.74375,2.0,48004.6025,50288.92,,
400,-0.20224719101123595,0.6515100304337654,27.2925,2.0,49066.24625,51879.42875,,
400,-0.19550561797752808,0.6499290506342282,29.23375,2.0,49881.38,51312.29,,
400,-0.1887640449438202,0.6378299285961029,30.24625,2.0,49239.18625,50872.01125,,
400,-0.18202247191011234,0.6254194642372852,31.5675,2.0,51178.13,49756.1775,,
400,-0.17528089887640447,0.6206218547525358,33.54125,2.0,50131.17,51309.83125,,
400,-0.1685393258426966,0.6010200231071886,34.405,2.0,49422.75125,49537.95375,,
400,-0.16179775280898873,0.5859649749167252,35.80125,2.0,51751.6525,50394.2275,,
400,-0.15505617977528086,0.5671504369405526,35.77625,2.0,50890.25625,49261.2025,,
400,-0.14831460674157299,0.528340671680029,34.50875,2.0,48672.87375,50974.875,,
400,-0.14157303370786511,0.5053834698974087,34.7575,2.0,49390.82,50124.71375,,
400,-0.13483146067415724,0.48816775376603966,35.795,2.0,48973.7775,49110.56625,,
400,-0.12808988764044943,0.4621621702521373,35.365,2.0,50569.22625,50573.715,,
400,-0.12134831460674156,0.43613940471366197,34.405,2.0,49346.15875,52714.29,,
400,-0.11460674157303369,0.4080793891337083,34.53625,2.0,50612.5225,48888.02,,
400,-0.10786516853932582,0.3723263814983012,32.82125,2.0,50660.24125,48172.42375,,
400,-0.10112359550561795,0.3563775121054167,33.335,2.0,50797.625,51327.46375,,
400,-0.09438202247191008,0.3284108667619487,32.5975,2.0,51497.11375,49517.86375,,
400,-0.08764044943820226,0.30070625857188227,32.6775,2.0,50547.29625,50607.84,,
400,-0.08089887640449434,0.2733291581881374,31.9875,2.0,49200.625,51076.96875,,
400,-0.07415730337078652,0.25054211077708355,32.075,2.0,51233.43,49381.20375,,
400,-0.0674157303370786,0.22337467621956378,32.30375,2.0,50031.62875,48979.205,,
400,-0.06067415730337078,0.21354962490330245,31.5625,2.0,50369.6775,50899.60625,,
400,-0.05393258426966285,0.1801975519577444,30.77625,2.0,49578.21375,49636.42375,,
400,-0.04719101123595504,0.1623000692972474,30.78375,2.0,50136.465,50633.88625,,
400,-0.04044943820224711,0.13431653365920762,30.8125,2.0,51531.68875,49976.19125,,
400,-0.0337078651685393,0.10653474673987233,30.655,2.0,50709.24375,51197.335,,
400,-0.02696629213483137,0.09393402089967623,30.4075,2.0,48761.99,48852.32125,,
400,-0.020224719101123556,0.06742866070205579,30.4475,2.0,49853.19,50719.60125,,
400,-0.013483146067415741,0.048459568887624406,30.61875,2.0,49201.9925,51108.81625,,
400,-0.006741573033707815,0.024184293809528204,30.56875,2.0,49679.83125,49758.3775,,
400,0.0,0.0011674165739321862,30.06625,2.0,50653.20125,51661.63375,,
400,0.006896551724137932,-0.017980481258546937,29.66125,2.0,49416.025,50797.39875,,
400,0.013793103448275864,-0.044575076586986555,30.3625,2.0,49504.7975,50687.46625,,
400,0.020689655172413796,-0.07332514983313607,30.1325,2.0,49446.7275,51080.80125,,
400,0.027586206896551727,-0.09675271211471914,29.75625,2.0,50899.3325,51840.79875,,
400,0.03448275862068966,-0.1149230860381695,30.70375,2.0,51580.01,48617.09375,,
400,0.04137931034482759,-0.1384062937042903,30.89125,2.0,50808.64875,48585.4325,,
400,0.048275862068965524,-0.16934962356280586,30.81875,2.0,49769.1075,48701.625,,
400,0.055172413793103454,-0.1777679789040247,31.515,2.0,48112.24625,52064.52,,
400,0.062068965517241385,-0.199980729214466,30.75,2.0,48626.65375,48341.39125,,
400,0.06896551724137932,-0.23458195327666453,31.34125,1.99875,50345.73875,50401.53,,
400,0.07586206896551725,-0.2647159098589376,32.2475,1.99875,50434.0975,49740.12125,,
400,0.08275862068965519,-0.2834281951439144,31.72,2.0,49511.0875,49095.45,,
400,0.08965517241379312,-0.3048617318034088,31.69125,1.9975,51229.5075,48667.5925,,
400,0.09655172413793105,-0.32785764603954787,33.2925,1.99625,50205.69,50772.16125,,
400,0.10344827586206898,-0.35539758704986696,32.9325,1.99125,50705.885,50009.4925,,
400,0.11034482758620691,-0.39139702888828365,33.34125,1.97625,50667.06,47723.1975,,
400,0.11724137931034484,-0.4160254487561663,34.72875,1.94875,50304.68625,49140.735,,
400,0.12413793103448277,-0.4499075976134643,35.46875,1.93,50194.34875,50048.8625,,
400,0.1310344827586207,-0.4708972306781959,34.0925,1.87,49821.49,50430.18125,,
400,0.13793103448275865,-0.4968176832051554,34.8075,1.825,50099.9475,50958.04625,,
400,0.14482758620689656,-0.525264285555345,35.1525,1.77125,50782.71,50697.6675,,
400,0.1517241379310345,-0.5493627085042808,35.19,1.72375,47927.75875,49474.1425,,
400,0.15862068965517243,-0.569510353861075,34.30375,1.6275,50053.015,50625.395,,
400,0.16551724137931037,-0.5875092081158884,32.70375,1.54875,50699.1575,50477.06,,
400,0.1724137931034483,-0.6057469699076772,32.915,1.45625,49633.805,48985.225,,
400,0.17931034482758623,-0.6279657971130655,31.65625,1.345,50449.35125,50413.58125,,
400,0.18620689655172415,-0.6401152548408413,30.8625,1.265,50704.9475,49608.69125,,
400,0.1931034482758621,-0.6470824820310009,28.80625,1.21375,49696.0075,48075.02,,
400,0.2,-0.6515482556416338,27.73625,1.1525,50666.6575,50984.385,,
400,0.20681818181818182,-0.6580970816240079,25.52625,1.105,50448.37625,47884.39875,,
400,0.21363636363636365,-0.6623768138172957,23.82,1.07375,49158.1675,48821.87875,,
400,0.22045454545454546,-0.6601651781383563,22.47,1.06,51359.59,51006.62625,,
400,0.2272727272727273,-0.6596424604425819,20.9225,1.04,49660.17875,50114.0775,,
400,0.2340909090909091,-0.6597225577922363,19.29375,1.025,51312.46625,50662.27875,,
400,0.2409090909090909,-0.6584381986668199,18.605,1.00875,48964.76375,50921.6425,,
400,0.24772727272727274,-0.655462360374427,17.5925,1.01125,51418.5475,50617.41125,,
400,0.2545454545454546,-0.6540205722023984,16.65625,1.00625,50915.635,49879.04,,
400,0.26136363636363635,-0.6527451252392167,15.92625,1.005,49057.34875,49871.93,,
400,0.2681818181818182,-0.6496822941198129,15.16375,1.0025,49958.6125,50984.81,,
400,0.275,-0.6464321164974113,14.64375,1.00125,50135.76125,50553.66375,,
400,0.28181818181818186,-0.644538459850728,14.0425,1.0025,49257.83125,50796.52875,,
400,0.28863636363636364,-0.6429439189181332,13.4875,1.0,50135.80125,50189.98625,,
400,0.29545454545454547,-0.6398974968532795,13.12,1.0,50789.41875,51150.95625,,
400,0.30227272727272725,-0.6391682048304052,12.62875,1.0,48457.17,52190.49375,,
400,0.3090909090909091,-0.6367312232248907,12.41,1.0,50077.6175,51211.66,,
400,0.3159090909090909,-0.6336166090959718,11.99625,1.0,49930.76875,51197.2175,,
400,0.32272727272727275,-0.6316298327147406,11.6425,1.0,51053.2875,49785.355,,
400,0.3295454545454546,-0.6300239470375921,11.35875,1.0,48272.9475,50340.60125,,
400,0.33636363636363636,-0.627372991041756,11.1975,1.0,50944.88375,53402.61,,
400,0.3431818181818182,-0.6261719352576035,10.9775,1.0,49456.1475,51334.39,,
400,0.35,-0.6233745201223853,10.63125,1.0,50696.06875,49183.38625,,
400,0.3568181818181818,-0.6201122331923544,10.51625,1.0,50783.01625,47932.2125,,
400,0.36363636363636365,-0.6180882143982432,10.18125,1.0,51190.16375,49972.48125,,
400,0.3704545454545455,-0.6166347587218113,10.1,1.0,49468.455,49383.57625,,
400,0.3772727272727273,-0.6138194158039706,9.96625,1.0,50411.88625,50228.6625,,
400,0.3840909090909091,-0.6120997132568256,9.75875,1.0,50638.42875,50095.195,,
400,0.3909090909090909,-0.6096371710043852,9.58375,1.0,48292.83875,47797.63375,,
400,0.3977272727272727,-0.6068530820086829,9.38375,1.0,49361.98625,52019.41125,,
400,0.40454545454545454,-0.606323815385744,9.27625,1.0,49705.66,49938.655,,
400,0.4113636363636364,-0.6027336653062272,9.1425,1.0,50274.65625,50031.6275,,
400,0.4181818181818182,-0.6019273954037879,9.10625,1.0,50033.66125,49912.4175,,
400,0.425,-0.5997616291687947,8.83,1.0,48313.1225,51193.05125,,
400,0.4318181818181818,-0.5968834975299189,8.745,1.0,48808.44625,50658.54875,,
400,0.4386363636363636,-0.5943620693085072,8.73625,1.0,49723.385,50091.13,,
400,0.44545454545454544,-0.5923005127864135,8.565,1.0,51774.42125,49134.94625,,
400,0.45227272727272727,-0.5913014729692458,8.5,1.0,48918.09125,49637.61,,
400,0.4590909090909091,-0.588749289183073,8.42,1.0,51829.98625,50407.1775,,
400,0.4659090909090909,-0.5872386124106993,8.29375,1.0,49361.3775,49558.2275,,
400,0.4727272727272727,-0.5836695128988046,8.2775,1.0,50009.50125,49543.7175,,
400,0.47954545454545455,-0.5809149008272215,8.28625,1.0,49091.96875,48956.6425,,
400,0.4863636363636364,-0.580699914581859,8.23375,1.0,51856.775,50039.21875,,
400,0.49318181818181817,-0.5776829852082347,8.12125,1.0,51007.29375,50540.25125,,
400,0.5,-0.5762795328806751,8.005,1.0,49804.64,48514.145,,
800,-0.6,0.5487003826112575,9.63625,2.0,49524.39,49580.76625,,
800,-0.5932584269662922,0.5509756845216557,9.56,2.0,50080.03375,50271.605,,
800,-0.5865168539325842,0.5524419949357047,9.55375,2.0,48259.915,49747.32875,,
800,-0.5797752808988764,0.555421432052478,9.70625,2.0,49040.055,51090.16875,,
800,-0.5730337078651685,0.5571731706576297,9.63125,2.0,49707.79875,50006.19875,,
800,-0.5662921348314607,0.5582752696663607,9.63875,2.0,50226.105,51013.4875,,
800,-0.5595505617977528,0.5617199434926414,9.91875,2.0,50158.12125,49569.93875,,
800,-0.5528089887640449,0.5622452716461666,9.9525,2.0,47667.4575,50781.52,,
800,-0.546067415730337,0.5649020965356185,9.98375,2.0,48831.14125,52118.6025,,
800,-0.5393258426966292,0.5674142620239222,10.05,2.0,49800.2225,51741.6675,,
800,-0.5325842696629213,0.5687094812790483,10.16125,2.0,50476.22125,49933.10375,,
800,-0.5258426966292135,0.5702848587210132,10.035,2.0,49586.745,49428.245,,
800,-0.5191011235955056,0.573914729440681,10.16875,2.0,50208.58875,47889.42,,
800,-0.5123595505617977,0.57485541436104,10.3225,2.0,50468.68875,50775.54875,,
800,-0.5056179775280899,0.5765870396688108,10.2375,2.0,52066.285,51777.4275,,
800,-0.498876404494382,0.5791125658080041,10.65,2.0,49614.3075,50740.10125,,
800,-0.49213483146067416,0.5812375597047897,10.5325,2.0,49526.75875,48840.03125,,
800,-0.48539325842696623,0.5818753281873345,10.43,2.0,48048.925,50856.06125,,
800,-0.4786516853932584,0.5845141977187149,10.64,2.0,49524.87375,49495.9825,,
800,-0.47191011235955055,0.5871542654696001,10.72375,2.0,49779.35875,50775.89375,,
800,-0.4651685393258427,0.5903041196160015,11.07,2.0,47773.50125,50199.93625,,
800,-0.4584269662921348,0.5914909423287114,10.84,2.0,48757.925,50873.78125,,
800,-0.45168539325842694,0.5932491545529064,11.0225,2.0,51809.35375,51033.42625,,
800,-0.44494382022471907,0.5959241992874366,11.08875,2.0,49740.515,49671.7025,,
800,-0.4382022471910112,0.5971822257272136,11.24625,2.0,50557.685,48561.6425,,
800,-0.4314606741573034,0.5990699509006353,11.27875,2.0,50630.48375,51339.83125,,
800,-0.42471910112359545,0.6007100295047989,11.3525,2.0,49252.23625,50746.91625,,
800,-0.41797752808988764,0.6031506898784105,11.48,2.0,50117.13875,50201.2125,,
800,-0.4112359550561797,0.6050731002228609,11.55625,2.0,51654.2825,48491.03375,,
800,-0.4044943820224719,0.607721773806724,11.72375,2.0,51186.485,49697.17,,
800,-0.39775280898876403,0.609634059432565,12.05875,2.0,47651.2225,50809.99375,,
800,-0.39101123595505616,0.6116545884847746,12.0325,2.0,47981.57125,51422.07375,,
800,-0.3842696629213483,0.6152929249551338,12.2175,2.0,49256.42375,50703.015,,
800,-0.3775280898876404,0.6156191977222092,12.2925,2.0,49814.26625,50991.67125,,
800,-0.37078651685393255,0.6181434681800799,12.40625,2.0,50643.8075,49607.73125,,
800,-0.3640449438202247,0.6202514400543359,12.6225,2.0,49693.555,52452.69375,,
800,-0.35730337078651686,0.6224169554786553,12.82125,2.0,49443.77375,51440.76875,,
800,-0.35056179775280893,0.6247131765269279,13.045,2.0,49933.13,49467.6625,,
800,-0.3438202247191011,0.6272018787729856,13.1375,2.0,48647.935,49451.1425,,
800,-0.33707865168539325,0.6289771705538716,13.2625,2.0,50823.63375,50805.83125,,
800,-0.3303370786516854,0.6313010777947102,13.65875,2.0,47747.0575,50282.315,,
800,-0.3235955056179775,0.6329663578386672,13.8675,2.0,50901.57875,50508.4825,,
800,-0.31685393258426964,0.6363376272010093,14.1575,2.0,51108.795,50039.09375,,
800,-0.31011235955056177,0.6378340744923381,14.54125,2.0,49262.8975,50100.6775,,
800,-0.3033707865168539,0.6403173701708268,14.755,2.0,49139.4675,50986.21875,,
800,-0.296629213483146,0.6427593118060774,15.30625,2.0,50902.37625,50047.11875,,
800,-0.28988764044943816,0.6439637728993358,15.68125,2.0,48440.505,49852.20625,,
800,-0.2831460674157303,0.6468358607671132,15.99875,2.0,51044.625,49671.9375,,
800,-0.2764044943820224,0.6491431502637846,16.70375,2.0,49195.6975,50961.0825,,
800,-0.2696629213483146,0.6519395903301239,17.38875,2.0,48634.67125,49472.76,,
800,-0.26292134831460673,0.6530491842919592,17.7125,2.0,50681.74125,50177.01625,,
800,-0.25617977528089886,0.656098448099818,18.45625,2.0,49946.56,49621.33875,,
800,-0.249438202247191,0.6586958388967696,19.28,2.0,50093.47625,50751.90125,,
800,-0.24269662921348312,0.6613731287173246,20.19875,2.0,49534.6225,50059.0875,,
800,-0.23595505617977525,0.6638414690993293,21.44625,2.0,49214.05125,49014.36125,,
800,-0.22921348314606738,0.6659175825002016,23.1875,2.0,51445.955,51065.3075,,
800,-0.2224719101123595,0.6678609362119537,24.045,2.0,51204.72125,52009.485,,
800,-0.21573033707865163,0.6713567317695533,26.00125,2.0,50300.43625,49169.335,,
800,-0.20898876404494376,0.6730155455215318,27.91875,2.0,51079.51125,48630.53875,,
800,-0.20224719101123595,0.6752041462580074,30.405,2.0,49933.5975,49104.81125,,
800,-0.19550561797752808,0.6744703771152077,33.43375,2.0,50003.2925,49807.69,,
800,-0.1887640449438202,0.6761445032891562,36.3925,2.0,49182.11875,50328.52375,,
800,-0.18202247191011234,0.6734631949157874,40.75625,2.0,50725.61125,50257.86,,
800,-0.17528089887640447,0.6638199338141283,43.195,2.0,53556.0375,50493.92375,,
800,-0.1685393258426966,0.6602916818221347,47.67875,2.0,50083.02,49452.1475,,
800,-0.16179775280898873,0.6465770605208166,50.6375,2.0,49330.85875,50801.21875,,
800,-0.15505617977528086,0.627319516948284,53.6575,2.0,49260.80125,51163.655,,
800,-0.14831460674157299,0.6037808149501441,55.335,2.0,49157.1575,50145.27375,,
800,-0.14157303370786511,0.5751922778661084,56.04375,2.0,50366.55,49560.95625,,
800,-0.13483146067415724,0.5433134943479004,57.0325,2.0,50278.4,49503.58,,
800,-0.12808988764044943,0.5161250112272643,56.46625,2.0,49596.44125,48617.52375,,
800,-0.12134831460674156,0.4864880506920224,55.425,2.0,48824.955,51230.155,,
800,-0.11460674157303369,0.4450064972666726,53.465,2.0,49180.0125,50122.66375,,
800,-0.10786516853932582,0.4160329002224017,53.27125,2.0,51824.6525,50276.78125,,
800,-0.10112359550561795,0.3876588617564834,51.5325,2.0,51239.67,49196.59125,,
800,-0.09438202247191008,0.366894107050279,51.2575,2.0,50678.42,47716.27625,,
800,-0.08764044943820226,0.3306904349055289,49.22875,2.0,50594.675,48034.94,,
800,-0.08089887640449434,0.3058397540428104,49.975,2.0,51142.705,49924.82125,,
800,-0.07415730337078652,0.2767994306060426,49.03625,2.0,50396.52875,48958.6575,,
800,-0.0674157303370786,0.2467448548954327,48.56,2.0,49062.03875,51163.49,,
800,-0.06067415730337078,0.21669776859314424,47.725,2.0,49820.39625,50674.44625,,
800,-0.05393258426966285,0.1984147187318351,47.25,2.0,49775.0275,49806.87875,,
800,-0.04719101123595504,0.16786300724723371,46.69375,2.0,48168.5325,50526.56375,,
800,-0.04044943820224711,0.1503886734353228,46.455,2.0,48919.20125,50327.14375,,
800,-0.0337078651685393,0.11717154450834856,46.15875,2.0,49582.3925,51107.8975,,
800,-0.02696629213483137,0.09072133385155942,46.56,2.0,49399.02875,50760.84375,,
800,-0.020224719101123556,0.06738851228892201,46.9925,2.0,49343.345,49808.9775,,
800,-0.013483146067415741,0.06043683348756895,46.445,2.0,50322.265,48706.56375,,
800,-0.006741573033707815,0.024975791589523455,45.505,2.0,50156.4225,49758.60625,,
800,0.0,0.0011322294632177673,46.855,2.0,49978.77375,49793.05875,,
1000,0.0,-0.0030176670230860447,52.65,2.0,51647.78125,50158.81875,,
1000,0.006896551724137932,-0.026370534895031307,52.97375,2.0,52533.0025,50018.87125,,
1000,0.013793103448275864,-0.046189532555056034,52.81625,2.0,50741.8825,50680.07625,,
1000,0.020689655172413796,-0.07984232179800575,53.12375,2.0,51520.6175,48576.61,,
1000,0.027586206896551727,-0.09428225260638834,53.7275,2.0,49164.04625,50289.96125,,
1000,0.03448275862068966,-0.12057057039677394,54.05375,2.0,51202.43,48673.94375,,
1000,0.04137931034482759,-0.14655671783890362,53.28875,2.0,50656.64625,50782.9075,,
1000,0.048275862068965524,-0.18101471516398748,54.4325,2.0,50709.9325,50609.7125,,
1000,0.055172413793103454,-0.2131037667331574,55.06375,2.0,49343.73375,51130.08875,,
1000,0.062068965517241385,-0.23230338765839276,55.66375,2.0,48810.78875,50107.0175,,
1000,0.06896551724137932,-0.26023980577685846,55.14875,2.0,49878.44125,48544.025,,
1000,0.07586206896551725,-0.2900037449766241,57.47125,2.0,52373.82375,49754.1675,,
1000,0.08275862068965519,-0.32272384449270836,57.68,2.0,49762.9725,50954.935,,
1000,0.08965517241379312,-0.34826256512052917,58.63625,2.0,49665.1775,49225.33125,,
1000,0.09655172413793105,-0.3817044796158904,60.36875,1.9975,50396.57875,50083.4625,,
1000,0.10344827586206898,-0.40902989364045067,60.95375,1.995,48383.9175,50592.71625,,
1000,0.11034482758620691,-0.443019301204272,61.99,1.98125,49176.9175,50363.55875,,
1000,0.11724137931034484,-0.4803061754617304,64.11875,1.94875,49931.69875,50707.65375,,
1000,0.12413793103448277,-0.514632548229201,66.6075,1.875,50657.5825,50249.205,,
1000,0.1310344827586207,-0.5598963716317864,67.05875,1.7725,49185.12875,48044.02875,,
1000,0.13793103448275865,-0.5870049141356667,66.23375,1.65125,50608.2575,49083.44,,
1000,0.14482758620689656,-0.615047923011257,64.63375,1.525,49846.04,50482.36625,,
1000,0.1517241379310345,-0.6383164085469244,63.26625,1.3925,51396.76,50165.76,,
1000,0.15862068965517243,-0.6586279735995387,57.44875,1.26375,51666.55875,50474.04875,,
1000,0.16551724137931037,-0.6669039157475489,52.545,1.16875,50012.10375,48873.81,,
1000,0.1724137931034483,-0.6758677985389201,47.085,1.08125,51188.44625,49829.14875,,
1000,0.17931034482758623,-0.6766167176190864,43.19375,1.06625,50142.705,48635.7475,,
1000,0.18620689655172415,-0.6779651991788911,37.77125,1.0375,49735.1125,50956.70375,,
1000,0.1931034482758621,-0.6789704611453851,33.95625,1.0075,50680.1875,50065.87,,
1000,0.2,-0.6765695803424255,30.6525,1.00625,51246.22375,49399.145,,
1000,0.20681818181818182,-0.6742726361836742,27.96625,1.00125,49159.6175,49562.56625,,
1000,0.21363636363636365,-0.6716986580895998,25.53375,1.0,49768.335,50585.92125,,
1000,0.22045454545454546,-0.669428907641344,24.26,1.0,51450.43,49660.6175,,
1000,0.2272727272727273,-0.6678470418946586,22.38375,1.0,50189.67375,49850.345,,
1000,0.2340909090909091,-0.664250844730254,21.01375,1.0,47429.875,48385.00375,,
1000,0.2409090909090909,-0.6622373979050701,20.03375,1.0,50137.59875,50884.06125,,
1000,0.24772727272727274,-0.6594650777223056,19.06625,1.0,49651.44875,47491.12125,,
1000,0.2545454545454546,-0.657107310586278,18.13375,1.0,50609.59125,51028.15125,,
1000,0.26136363636363635,-0.6551479413889895,17.43375,1.0,49421.72625,49943.27,,
1000,0.2681818181818182,-0.6531168118094416,16.83875,1.0,49725.605,49717.1575,,
1000,0.275,-0.6510473997233168,16.34125,1.0,49434.08875,51808.4075,,
1000,0.28181818181818186,-0.6481851021839775,15.73125,1.0,50323.2325,48779.16625,,
1000,0.28863636363636364,-0.645111367053998,15.225,1.0,50000.585,49102.58,,
1000,0.29545454545454547,-0.6433821373408416,14.86875,1.0,50317.77375,50037.65375,,
1000,0.30227272727272725,-0.6416125215226702,14.585,1.0,51362.15375,50684.9675,,
1000,0.3090909090909091,-0.6383095781758281,14.14875,1.0,50294.525,50181.1475,,
1000,0.3159090909090909,-0.6364016780528182,13.74,1.0,47575.2975,51258.1125,,
1000,0.32272727272727275,-0.6336917210188422,13.58,1.0,52944.03125,49613.0625,,
1000,0.3295454545454546,-0.6310478213836876,13.1575,1.0,49927.96125,49594.84375,,
1000,0.33636363636363636,-0.6293374922506779,13.1275,1.0,50482.275,51288.9025,,
1000,0.3431818181818182,-0.6276331200942437,12.8575,1.0,50298.57,49527.1375,,
1000,0.35,-0.624649508603721,12.53625,1.0,50417.4325,47855.71375,,
1000,0.3568181818181818,-0.6229917971492783,12.2675,1.0,49943.09375,48879.06875,,
1000,0.36363636363636365,-0.6206368188643693,12.22,1.0,46714.8275,49417.055,,
1000,0.3704545454545455,-0.619033177197583,11.9625,1.0,50993.20875,51055.9075,,
1000,0.3772727272727273,-0.6158376688194458,11.74375,1.0,49169.34,50215.3375,,
1000,0.3840909090909091,-0.614670033874511,11.6625,1.0,48363.4825,51969.49625,,
1000,0.3909090909090909,-0.6126030420888431,11.45625,1.0,48682.21125,51088.945,,
1000,0.3977272727272727,-0.6100334931234519,11.41875,1.0,48947.12375,49540.85125,,
1000,0.40454545454545454,-0.6077544587938204,11.265,1.0,49141.2625,50163.62875,,
1000,0.4113636363636364,-0.6060458923890735,11.15375,1.0,50362.7875,49807.885,,
1000,0.4181818181818182,-0.603718451221804,11.12,1.0,49711.3625,48185.39375,,
1000,0.425,-0.6017839463266189,10.925,1.0,51541.02625,49346.54,,
1000,0.4318181818181818,-0.5990108116301807,10.8575,1.0,49287.85,49490.2175,,
1000,0.4386363636363636,-0.5977383891756106,10.7975,1.0,51172.22375,50244.8425,,
1000,0.44545454545454544,-0.5948166036397438,10.57125,1.0,50104.49,50055.14,,
1000,0.45227272727272727,-0.5935248338400428,10.61875,1.0,50591.685,51052.91125,,
1000,0.4590909090909091,-0.5909151593825331,10.4425,1.0,50047.28125,50709.4225,,
1000,0.4659090909090909,-0.589420599947251,10.42625,1.0,51235.625,48182.9,,
1000,0.4727272727272727,-0.5863368797538157,10.09625,1.0,49770.885,49445.0,,
1000,0.47954545454545455,-0.5859357987600883,10.265,1.0,50859.53625,51929.4525,,
1000,0.4863636363636364,-0.5827818721291478,10.0625,1.0,50623.2525,50472.58875,,
1000,0.49318181818181817,-0.5805799399400842,9.9825,1.0,51040.3,50787.2875,,
1000,0.5,-0.5793011191449566,9.925,1.0,49467.8775,51230.23375,,
2000,0.0,0.0003298759100102248,82.18,2.0,49117.11625,48441.8475,,
2000,0.006896551724137932,-0.03184642809070489,82.25375,2.0,52022.8475,50007.34125,,
2000,0.013793103448275864,-0.05487862930808981,81.7925,2.0,47701.7925,49818.97875,,
2000,0.020689655172413796,-0.07964869457082456,83.97625,2.0,51454.53,50288.82,,
2000,0.027586206896551727,-0.10882257707653906,84.555,2.0,50986.12375,50365.16875,,
2000,0.03448275862068966,-0.14188414763783758,84.59125,2.0,48596.9975,49394.315,,
2000,0.04137931034482759,-0.16750495051050052,84.56,2.0,50533.49125,48556.83,,
2000,0.048275862068965524,-0.1884629641245331,85.68,2.0,49434.91625,48752.15625,,
2000,0.055172413793103454,-0.22108318782485742,86.30875,2.0,50239.63,47503.13875,,
2000,0.062068965517241385,-0.24926895869446145,86.31375,2.0,48954.1,51048.6725,,
2000,0.06896551724137932,-0.2825002581228053,90.46875,2.0,49052.02,49855.07625,,
2000,0.07586206896551725,-0.308339344846549,91.1975,2.0,51720.1925,49209.535,,
2000,0.08275862068965519,-0.33965145283274256,92.645,2.0,48698.94875,48775.03625,,
2000,0.08965517241379312,-0.376296110247903,93.82125,2.0,49403.0775,51042.7175,,
2000,0.09655172413793105,-0.4136192455277567,97.17875,1.99625,51888.45875,50898.85625,,
2000,0.10344827586206898,-0.4478925130447162,101.55,1.9825,49058.81625,50046.9725,,
2000,0.11034482758620691,-0.4957304194812643,106.41625,1.94625,48433.5425,48792.02625,,
2000,0.11724137931034484,-0.5369281305301592,109.58125,1.8775,50798.55125,49733.48,,
2000,0.12413793103448277,-0.5755245656461211,110.635,1.7425,48659.165,49715.0425,,
2000,0.1310344827586207,-0.6198123026113169,111.5725,1.56375,48486.97,48142.28,,
2000,0.13793103448275865,-0.6500470938890949,104.24375,1.3675,49170.2575,49308.95625,,
2000,0.14482758620689656,-0.6746073831913928,91.14375,1.195,51114.68125,51129.4975,,
2000,0.1517241379310345,-0.6841335430461247,79.40625,1.09875,51596.0,49205.71375,,
2000,0.15862068965517243,-0.689510304130889,65.88625,1.0425,47942.65,48737.10125,,
2000,0.16551724137931037,-0.6896920792370109,56.5825,1.0125,50941.69625,49625.725,,
2000,0.1724137931034483,-0.688202788212265,48.8475,1.005,50023.3575,49075.71625,,
2000,0.17931034482758623,-0.6859541367218951,43.03125,1.0,49290.22125,50872.4575,,
2000,0.18620689655172415,-0.6830199787379189,38.0175,1.00125,51275.19125,48743.89125,,
2000,0.1931034482758621,-0.6811762144169983,33.97875,1.0,49457.80875,49782.165,,
2000,0.2,-0.6780372674180442,31.355,1.0,50402.43,50127.685,,
2000,0.20681818181818182,-0.676029183922721,28.7025,1.0,50597.6,48253.9475,,
2000,0.21363636363636365,-0.6729957800008509,26.93125,1.0,49089.16375,50421.97375,,
2000,0.22045454545454546,-0.6705059594749037,25.22,1.0,48955.065,50694.64125,,
2000,0.2272727272727273,-0.668181867645407,23.87125,1.0,51494.17,50192.5475,,
2000,0.2340909090909091,-0.6655810118089829,22.40875,1.0,49394.71625,49647.82125,,
2000,0.2409090909090909,-0.6627590260014928,21.45125,1.0,50755.195,50690.91625,,
2000,0.24772727272727274,-0.6603947076150246,20.61125,1.0,50574.36875,50879.57625,,
2000,0.2545454545454546,-0.65782311024392,19.78,1.0,50206.85875,49262.64125,,
2000,0.26136363636363635,-0.6564013745167578,19.265,1.0,50474.76875,48937.3975,,
2000,0.2681818181818182,-0.6540950501400641,18.49625,1.0,47767.67875,49394.2,,
2000,0.275,-0.6510763264450974,17.8625,1.0,52266.04,50110.295,,
2000,0.28181818181818186,-0.6482554648992366,17.5275,1.0,50872.52125,48955.9,,
2000,0.28863636363636364,-0.6465856241366187,17.2425,1.0,50707.45875,50175.67875,,
2000,0.29545454545454547,-0.6436138508174571,16.545,1.0,51345.9925,49677.1575,,
2000,0.30227272727272725,-0.6418390363065143,16.2475,1.0,49148.15125,50275.44,,
2000,0.3090909090909091,-0.6400199149440101,15.91625,1.0,49447.92875,49960.19625,,
2000,0.3159090909090909,-0.6376582868638596,15.69625,1.0,50970.6825,50089.59875,,
2000,0.32272727272727275,-0.6355955569863558,15.4525,1.0,51483.23125,51587.205,,
2000,0.3295454545454546,-0.6327486249760105,15.07875,1.0,50193.29125,50915.755,,
2000,0.33636363636363636,-0.6307768028973325,14.97875,1.0,51266.08625,49993.37625,,
2000,0.3431818181818182,-0.6287237514592192,14.72375,1.0,49294.73375,49265.35625,,
2000,0.35,-0.6263752960252693,14.50375,1.0,49389.55625,51270.99875,,
2000,0.3568181818181818,-0.6246001901323592,14.34625,1.0,49720.6925,51314.47875,,
2000,0.36363636363636365,-0.6215086573327513,14.0675,1.0,49847.48,48152.0725,,
2000,0.3704545454545455,-0.6196856467297426,13.83,1.0,50024.69625,48222.46375,,
2000,0.3772727272727273,-0.6180603973286489,13.94125,1.0,50240.70625,49098.275,,
2000,0.3840909090909091,-0.6157061379751279,13.6425,1.0,51319.655,50574.7175,,
2000,0.3909090909090909,-0.6139080656340268,13.57875,1.0,49904.4625,49453.14375,,
2000,0.3977272727272727,-0.6115732793278877,13.45125,1.0,50929.08,49084.27375,,
2000,0.40454545454545454,-0.6092777205410126,13.2175,1.0,50899.105,50437.68,,
2000,0.4113636363636364,-0.6067973301035969,13.14875,1.0,48472.75,49615.43,,
2000,0.4181818181818182,-0.604738644469008,13.025,1.0,51315.55875,49186.4775,,
2000,0.425,-0.6027524551292576,13.0025,1.0,50224.64375,48844.745,,
2000,0.4318181818181818,-0.6011150790535078,12.845,1.0,50491.60125,49209.18375,,
2000,0.4386363636363636,-0.5985998751572247,12.74125,1.0,48757.72,49369.9325,,
2000,0.44545454545454544,-0.5972678268885109,12.63125,1.0,51072.65,50539.9075,,
2000,0.45227272727272727,-0.5949134989263298,12.55125,1.0,48601.7425,49933.31,,
2000,0.4590909090909091,-0.5929557934773328,12.325,1.0,50187.0525,50485.185,,
2000,0.4659090909090909,-0.5909768377553806,12.24875,1.0,51179.6875,50004.95625,,
2000,0.4727272727272727,-0.5893965950869462,12.30625,1.0,50651.42125,48577.1175,,
2000,0.47954545454545455,-0.5864437889400133,12.0225,1.0,49576.575,49913.98375,,
2000,0.4863636363636364,-0.5842189747603903,11.99875,1.0,50425.03875,50539.1525,,
2000,0.49318181818181817,-0.5825959748149468,11.91375,1.0,51278.4025,48176.45,,
2000,0.5,-0.5811182571424607,11.79125,1.0,51081.555,49438.47125,,
4000,0.0,0.003484228751997883,135.7425,2.0,50369.67,48654.08375,,
4000,0.006896551724137932,-0.028439683688101035,135.22375,2.0,50117.5425,48229.2675,,
4000,0.013793103448275864,-0.0585180332553978,133.28,2.0,51153.26,49420.7875,,
4000,0.020689655172413796,-0.08469267599077913,135.5725,2.0,49733.7725,49260.32375,,
4000,0.027586206896551727,-0.11375612745154257,133.49375,2.0,48897.785,48598.80875,,
4000,0.03448275862068966,-0.14288898658657007,135.655,2.0,49696.29875,50477.61125,,
4000,0.04137931034482759,-0.1772364857008121,137.15125,2.0,49874.41375,51366.96375,,
4000,0.048275862068965524,-0.2016724886628346,140.8825,2.0,51172.695,50741.19625,,
4000,0.055172413793103454,-0.2349971736462049,142.015,2.0,50384.505,49105.93375,,
4000,0.062068965517241385,-0.2684366506581002,144.11875,2.0,51126.565,50387.60625,,
4000,0.06896551724137932,-0.2973304152479778,145.85875,2.0,49366.62,49832.07375,,
4000,0.07586206896551725,-0.3292014402149684,149.1725,2.0,48818.74375,50831.6675,,
4000,0.08275862068965519,-0.36587430614921557,151.86,2.0,50929.89875,51467.96875,,
4000,0.08965517241379312,-0.4060013925059978,157.48625,2.0,48815.105,50569.89375,,
4000,0.09655172413793105,-0.44700240374297834,163.0225,1.9925,50896.0175,50094.4725,,
4000,0.10344827586206898,-0.49478903398337165,178.8075,1.975,50910.26375,49521.8925,,
4000,0.11034482758620691,-0.540853735723584,184.90625,1.9,52318.62625,50096.92875,,
4000,0.11724137931034484,-0.5988560379864809,188.73875,1.7025,50468.435,49356.81625,,
4000,0.12413793103448277,-0.6539806785164223,186.2125,1.39875,49959.8325,51098.78625,,
4000,0.1310344827586207,-0.6848984794260744,157.97625,1.17125,49281.35875,50709.19625,,
4000,0.13793103448275865,-0.6975309604401947,126.8925,1.05125,49044.56375,49551.1225,,
4000,0.14482758620689656,-0.6994543890066025,97.6325,1.01125,51911.125,51039.0075,,
4000,0.1517241379310345,-0.6973610106484616,80.72375,1.0025,52027.33,49926.71125,,
4000,0.15862068965517243,-0.6949706638146032,67.7175,1.0,49061.005,48769.145,,
4000,0.16551724137931037,-0.6919886101978322,56.07125,1.0,49675.84,48185.08625,,
4000,0.1724137931034483,-0.6893691119364506,49.04125,1.0,50077.5475,51280.11875,,
4000,0.17931034482758623,-0.6867593755410425,43.06875,1.0,50491.38625,49716.6625,,
4000,0.18620689655172415,-0.6840947706016235,39.065,1.0,53011.295,50702.13375,,
4000,0.1931034482758621,-0.6811834018094816,35.5475,1.0,49259.51125,49076.68625,,
4000,0.2,-0.6784336147515194,32.8825,1.0,49655.36,49725.1925,,
4000,0.20681818181818182,-0.6759935679129336,30.51,1.0,49969.7475,50231.03625,,
4000,0.21363636363636365,-0.6734226448529118,28.4075,1.0,48486.77625,48189.24625,,
4000,0.22045454545454546,-0.6710632315803771,26.96125,1.0,51288.46125,48078.5975,,
4000,0.2272727272727273,-0.6683597327281465,25.6625,1.0,48923.96875,49476.04875,,
4000,0.2340909090909091,-0.6660750246109839,24.4775,1.0,52146.46625,48867.36125,,
4000,0.2409090909090909,-0.6636605793692225,23.66125,1.0,50038.67625,50235.24875,,
4000,0.24772727272727274,-0.6611631917952115,22.72125,1.0,49778.1125,50934.7425,,
4000,0.2545454545454546,-0.6587836028377793,22.03625,1.0,50680.87625,50183.44875,,
4000,0.26136363636363635,-0.6563516275222194,21.41375,1.0,49913.10875,48233.86,,
4000,0.2681818181818182,-0.6538062215890367,20.70625,1.0,48582.2175,48225.33625,,
4000,0.275,-0.6519397416782304,20.205,1.0,48883.705,50338.10125,,
4000,0.28181818181818186,-0.6494259652657933,19.655,1.0,50987.50625,49878.35875,,
4000,0.28863636363636364,-0.6469853230506188,19.395,1.0,47894.15375,50373.01375,,
4000,0.29545454545454547,-0.644594181970133,19.0525,1.0,50056.135,49502.25,,
4000,0.30227272727272725,-0.642392289010914,18.565,1.0,50097.265,49279.6225,,
4000,0.3090909090909091,-0.64014044186265,18.48625,1.0,50758.355,50916.26375,,
4000,0.3159090909090909,-0.6385950904140706,18.34375,1.0,51834.78625,51048.01,,
4000,0.32272727272727275,-0.6361772389842922,17.9275,1.0,50836.0925,50445.81875,,
4000,0.3295454545454546,-0.6341085500816137,17.71125,1.0,50456.64875,50258.23,,
4000,0.33636363636363636,-0.6317600101698606,17.46375,1.0,50330.7525,50605.315,,
4000,0.3431818181818182,-0.629312561579195,17.115,1.0,50564.09375,51130.93875,,
4000,0.35,-0.6272901306717913,17.09375,1.0,49290.4375,49824.335,,
4000,0.3568181818181818,-0.6252621451804888,16.93875,1.0,49788.03,51295.84875,,
4000,0.36363636363636365,-0.6229358450198518,16.5625,1.0,49747.0175,50803.70375,,
4000,0.3704545454545455,-0.6208126870286453,16.3725,1.0,51421.75,51631.82375,,
4000,0.3772727272727273,-0.618747010579914,16.3925,1.0,51043.70125,50899.21625,,
4000,0.3840909090909091,-0.6166764496856422,16.29875,1.0,49412.93375,48217.40625,,
4000,0.3909090909090909,-0.6146461947908547,15.915,1.0,48286.51125,49044.3475,,
4000,0.3977272727272727,-0.6124594919757045,15.95375,1.0,50910.54875,49729.97375,,
4000,0.40454545454545454,-0.6098580378566892,15.7075,1.0,50033.52,50525.08875,,
4000,0.4113636363636364,-0.6086198644198645,15.64875,1.0,51112.0575,50072.7,,
4000,0.4181818181818182,-0.605477411832014,15.395,1.0,49120.98875,51479.5,,
4000,0.425,-0.6035757580298767,15.1125,1.0,50277.27125,51872.87875,,
4000,0.4318181818181818,-0.6021316897834034,15.35,1.0,48467.555,52051.87125,,
4000,0.4386363636363636,-0.5998659327788178,15.05875,1.0,50076.19125,51107.22125,,
4000,0.44545454545454544,-0.5977754854284424,14.96375,1.0,49994.7875,49705.1425,,
4000,0.45227272727272727,-0.5956979566198676,14.8675,1.0,51553.35625,49265.35875,,
4000,0.4590909090909091,-0.5937625275072184,14.95125,1.0,51074.2325,50305.37625,,
4000,0.4659090909090909,-0.5914603831398185,14.7325,1.0,50458.605,50114.86375,,
4000,0.4727272727272727,-0.589813754755415,14.78875,1.0,49154.52625,48130.53875,,
4000,0.47954545454545455,-0.5877875866610025,14.41,1.0,50625.84875,50638.7475,,
4000,0.4863636363636364,-0.5857609530518931,14.44375,1.0,51370.54875,50357.36,,
4000,0.49318181818181817,-0.5837870012903464,14.2775,1.0,50371.61625,51621.15125,,
4000,0.5,-0.5815126655096335,14.18375,1.0,50330.16375,49124.70625,,
10000,0.0,0.0005222391331650296,260.1475,2.0,49050.40375,50873.9375,,
10000,0.006896551724137932,-0.032742612923131964,260.955,2.0,52669.10625,50072.3725,,
10000,0.013793103448275864,-0.06306923949433622,264.57625,2.0,49221.07375,49633.00625,,
10000,0.020689655172413796,-0.09256414377183222,267.7975,2.0,50010.48125,49251.3275,,
10000,0.027586206896551727,-0.12355661812091168,262.64875,2.0,50121.185,49627.17,,
10000,0.03448275862068966,-0.15573649753964472,269.5675,2.0,50261.595,50192.23125,,
10000,0.04137931034482759,-0.1884560261539308,270.72,2.0,50251.75875,50552.625,,
10000,0.048275862068965524,-0.21892010648820254,276.46,2.0,51678.93125,52316.35625,,
10000,0.055172413793103454,-0.2553082489023127,286.78875,2.0,49634.53875,50227.5625,,
10000,0.062068965517241385,-0.28558192802706633,284.34625,2.0,50984.44375,49465.89125,,
10000,0.06896551724137932,-0.3252349072413533,294.1825,2.0,49295.87375,50964.9675,,
10000,0.07586206896551725,-0.35872426865984297,295.8575,2.0,49184.2525,50612.3825,,
10000,0.08275862068965519,-0.4031101632972811,321.71375,2.0,51718.34125,50487.02,,
10000,0.08965517241379312,-0.44525572339200054,340.555,2.0,50408.255,50920.37625,,
10000,0.09655172413793105,-0.49524279414306704,358.6825,1.99625,49982.61625,50555.23375,,
10000,0.10344827586206898,-0.5674588414541186,407.3275,1.84875,49323.6375,48028.16625,,
10000,0.11034482758620691,-0.6430571746176581,402.91875,1.49375,48972.0425,52213.07375,,
10000,0.11724137931034484,-0.6910927308451269,335.47625,1.1625,49877.01,51143.97125,,
10000,0.12413793103448277,-0.7068194949712927,231.27875,1.0175,48922.23375,49813.41625,,
10000,0.1310344827586207,-0.7062695980310373,164.55125,1.00125,49796.3375,49433.51375,,
10000,0.13793103448275865,-0.7033838481339756,125.16125,1.0,50947.8575,51469.40125,,
10000,0.14482758620689656,-0.7005081233933246,98.04,1.0,51078.0,49963.53125,,
10000,0.1517241379310345,-0.6977323084847538,78.81875,1.0,49936.8475,49283.35875,,
10000,0.15862068965517243,-0.695083358704171,66.7725,1.0,50555.22,50738.93875,,
10000,0.16551724137931037,-0.6923079233990156,57.57375,1.0,48183.7525,49279.5725,,
10000,0.1724137931034483,-0.6895576341640094,50.7775,1.0,49786.74375,50812.09875,,
10000,0.17931034482758623,-0.686796906269896,45.62625,1.0,48744.3525,50030.8225,,
10000,0.18620689655172415,-0.684155486017249,41.36625,1.0,50932.9,50593.1525,,
10000,0.1931034482758621,-0.6815072549163169,38.19375,1.0,49417.04875,50899.27375,,
10000,0.2,-0.6790915131942122,35.74625,1.0,50918.8575,51354.025,,
10000,0.20681818181818182,-0.6764889300696899,33.2875,1.0,50395.2075,49791.64125,,
10000,0.21363636363636365,-0.6739005942085893,31.8375,1.0,50927.225,51544.88625,,
10000,0.22045454545454546,-0.6712356745776805,30.4375,1.0,50309.655,49068.28,,
10000,0.2272727272727273,-0.6687790414964553,29.25125,1.0,48644.43125,48936.5325,,
10000,0.2340909090909091,-0.6663755101298291,28.26375,1.0,50000.0725,49729.225,,
10000,0.2409090909090909,-0.6638833419374255,26.955,1.0,50567.95125,49118.265,,
10000,0.24772727272727274,-0.6616877562397032,26.31125,1.0,49905.4725,49483.2325,,
10000,0.2545454545454546,-0.6592565546215655,25.8525,1.0,50045.9775,50624.86125,,
10000,0.26136363636363635,-0.6569965819920354,25.41875,1.0,52076.46,50685.50625,,
10000,0.2681818181818182,-0.6544033201769381,24.97,1.0,51866.23875,49669.44375,,
10000,0.275,-0.6520998367299558,24.0775,1.0,49354.00375,51014.175,,
10000,0.28181818181818186,-0.6500722850881612,23.75375,1.0,49368.9825,49145.26125,,
10000,0.28863636363636364,-0.6476185776827221,23.62875,1.0,47702.7525,48166.4075,,
10000,0.29545454545454547,-0.6454930574936142,23.34625,1.0,50687.41875,50110.4575,,
10000,0.30227272727272725,-0.6429025615993844,22.7875,1.0,51083.02,51252.61875,,
10000,0.3090909090909091,-0.6412222369735611,22.6975,1.0,49949.875,48335.83875,,
10000,0.3159090909090909,-0.638769918580035,22.23125,1.0,51197.02875,51229.33625,,
10000,0.32272727272727275,-0.6364499719053959,22.41875,1.0,50816.605,50219.245,,
10000,0.3295454545454546,-0.6342105850550968,21.90875,1.0,49595.16375,49906.57125,,
10000,0.33636363636363636,-0.6321805009183502,21.68125,1.0,50084.36875,49176.0775,,
10000,0.3431818181818182,-0.6302386174860499,21.585,1.0,49937.8225,49936.55375,,
10000,0.35,-0.6280616760973148,21.55875,1.0,49281.01875,50575.77125,,
10000,0.3568181818181818,-0.6260543952656107,21.0575,1.0,51366.305,50712.15125,,
10000,0.36363636363636365,-0.6236038941293924,20.835,1.0,50471.73625,49752.71875,,
10000,0.3704545454545455,-0.6216799141496371,20.875,1.0,48978.54625,51830.15375,,
10000,0.3772727272727273,-0.6196703198857609,20.99625,1.0,49873.4525,51979.9525,,
10000,0.3840909090909091,-0.6171775163852772,20.60875,1.0,50078.78125,48931.71,,
10000,0.3909090909090909,-0.6153508358802938,20.16,1.0,50019.76875,49348.47625,,
10000,0.3977272727272727,-0.613138293927881,20.20625,1.0,48088.70875,50181.2525,,
10000,0.40454545454545454,-0.611327514016242,19.97125,1.0,49977.55125,50170.98625,,
10000,0.4113636363636364,-0.6089544678050447,19.5475,1.0,51425.1175,49788.84125,,
10000,0.4181818181818182,-0.6069111644641809,19.74875,1.0,49140.7125,49936.62625,,
10000,0.425,-0.6049322817929248,19.45875,1.0,49767.12,48173.48,,
10000,0.4318181818181818,-0.6026852994838506,19.3525,1.0,48662.205,50505.995,,
10000,0.4386363636363636,-0.6005306763279946,19.27875,1.0,49761.06375,50264.88875,,
10000,0.44545454545454544,-0.5987651422300074,19.12125,1.0,50782.4875,49654.10125,,
10000,0.45227272727272727,-0.5964127850783845,19.20625,1.0,51333.54875,48908.195,,
10000,0.4590909090909091,-0.5944678341917367,18.88375,1.0,50720.15125,51125.9175,,
10000,0.4659090909090909,-0.5923941446105004,18.63875,1.0,50674.40875,48441.29625,,
10000,0.4727272727272727,-0.5905464848989894,18.5825,1.0,47872.93125,47802.93375,,
10000,0.47954545454545455,-0.5881889615791802,18.5025,1.0,50207.56,49723.2325,,
10000,0.4863636363636364,-0.5860561309528588,18.4425,1.0,51652.155,49777.28875,,
10000,0.49318181818181817,-0.5842251804398532,18.1125,1.0,49833.56125,49369.09625,,
10000,0.5,-0.5821771833017587,18.10375,1.0,49772.08375,49281.9425,,
20000,0.0,0.001871814819772165,451.08,2.0,50971.30125,50711.6675,,
20000,0.006896551724137932,-0.033217952871750354,460.89,2.0,51099.1625,51665.93125,,
20000,0.013793103448275864,-0.063815538159897,451.35375,2.0,49547.09625,50121.59125,,
20000,0.020689655172413796,-0.09654084561535772,459.22375,2.0,50326.19125,49202.99375,,
20000,0.027586206896551727,-0.12961351923538708,458.62125,2.0,51306.1,50353.18,,
20000,0.03448275862068966,-0.1610208470111692,454.57875,2.0,49856.58125,49009.05625,,
20000,0.04137931034482759,-0.19559726543905975,471.40625,2.0,51018.54875,50127.60375,,
20000,0.048275862068965524,-0.23204647043068985,488.76875,2.0,49662.26375,49480.90375,,
20000,0.055172413793103454,-0.2667809035436919,488.07875,2.0,51871.05625,50002.7075,,
20000,0.062068965517241385,-0.30292839352157475,506.47,2.0,49371.635,50455.28,,
20000,0.06896551724137932,-0.340782152940819,519.38,2.0,52586.73375,49311.92125,,
20000,0.07586206896551725,-0.38261545588184354,532.92125,2.0,51483.8025,49884.455,,
20000,0.08275862068965519,-0.42966343792558886,578.0975,2.0,49973.30125,51302.16375,,
20000,0.08965517241379312,-0.47843526025566613,617.3175,1.99875,50175.2,49131.09,,
20000,0.09655172413793105,-0.5457583478550376,703.9775,1.94375,50143.6,47955.1,,
20000,0.10344827586206898,-0.649313350667245,767.04375,1.49,52112.66875,49676.71375,,
20000,0.11034482758620691,-0.705941687563358,569.70875,1.075,49173.31625,48793.47625,,
20000,0.11724137931034484,-0.7120341492867844,347.92625,1.0025,50771.275,48763.00125,,
20000,0.12413793103448277,-0.709319979983722,228.73125,1.0,50970.8625,50763.3975,,
20000,0.1310344827586207,-0.7065643813298986,162.22,1.0,51095.3375,51478.76,,
20000,0.13793103448275865,-0.703487866221494,124.7375,1.0,49744.83625,50029.78625,,
20000,0.14482758620689656,-0.7007811312610122,97.73125,1.0,49314.27625,49485.2825,,
20000,0.1517241379310345,-0.6979623971799153,81.205,1.0,51358.9775,50179.3375,,
20000,0.15862068965517243,-0.6951061703308402,69.2,1.0,50096.20125,50414.39375,,
20000,0.16551724137931037,-0.6924810431044237,60.0025,1.0,51834.185,48998.98875,,
20000,0.1724137931034483,-0.6895843456429259,53.22875,1.0,50512.98125,48994.58625,,
20000,0.17931034482758623,-0.6869428738744938,48.31125,1.0,50216.975,50260.16875,,
20000,0.18620689655172415,-0.6842690575921957,44.3675,1.0,51697.75375,50153.58875,,
20000,0.1931034482758621,-0.6816928721651588,41.24875,1.0,51129.29375,50388.88875,,
20000,0.2,-0.6790308419268868,38.835,1.0,49332.78,49051.6475,,
20000,0.20681818181818182,-0.6765009643092855,37.0725,1.0,49363.195,51051.375,,
20000,0.21363636363636365,-0.6739587376284615,35.33,1.0,50907.86625,49159.90875,,
20000,0.22045454545454546,-0.6714263500506219,33.89875,1.0,49133.23,49890.83,,
20000,0.2272727272727273,-0.6690483799457327,32.66375,1.0,49356.84375,49918.6575,,
20000,0.2340909090909091,-0.6668447987945194,31.99125,1.0,50523.7975,50748.30875,,
20000,0.2409090909090909,-0.6642053983526073,31.2375,1.0,49840.215,51032.19,,
20000,0.24772727272727274,-0.6617207813276481,30.02125,1.0,50045.45375,49860.9975,,
20000,0.2545454545454546,-0.6594659225614453,29.5575,1.0,49264.9925,51239.045,,
20000,0.26136363636363635,-0.6570698065670416,29.23875,1.0,50289.09875,49328.9725,,
20000,0.2681818181818182,-0.6545539946127971,28.78375,1.0,50080.8725,51066.0775,,
20000,0.275,-0.6525272653614266,28.67625,1.0,48713.34375,49969.6475,,
20000,0.28181818181818186,-0.6504200101057751,27.715,1.0,48874.34875,51299.4125,,
20000,0.28863636363636364,-0.6479779169463995,27.5725,1.0,50091.4375,48933.1725,,
20000,0.29545454545454547,-0.6457917271507726,27.68125,1.0,49030.6525,50728.86625,,
20000,0.30227272727272725,-0.6434502912255653,27.2075,1.0,48424.99,50884.5425,,
20000,0.3090909090909091,-0.6413548307249175,26.96375,1.0,48774.015,49392.99375,,
20000,0.3159090909090909,-0.6390657895680268,26.68625,1.0,50372.88375,51347.90125,,
20000,0.32272727272727275,-0.6369424958291442,26.18,1.0,49240.44125,50290.3125,,
20000,0.3295454545454546,-0.6344496808241967,26.06375,1.0,50567.6325,49821.1675,,
20000,0.33636363636363636,-0.6326724880192859,25.74125,1.0,50427.26375,50943.84375,,
20000,0.3431818181818182,-0.6304650051240492,25.39875,1.0,50724.135,50234.39125,,
20000,0.35,-0.6281596666489165,25.53875,1.0,49677.41125,49454.2075,,
20000,0.3568181818181818,-0.6261395630036949,25.2275,1.0,50942.52125,48736.6875,,
20000,0.36363636363636365,-0.6239004134233848,25.12875,1.0,50069.67125,48510.9875,,
20000,0.3704545454545455,-0.621767888119577,24.83125,1.0,48926.07875,48314.00125,,
20000,0.3772727272727273,-0.6197301759435224,24.69125,1.0,49982.90375,50881.56375,,
20000,0.3840909090909091,-0.6175493886042943,24.42375,1.0,50518.62625,48141.825,,
20000,0.3909090909090909,-0.615354683073306,24.255,1.0,49739.20625,50702.5675,,
20000,0.3977272727272727,-0.6134829203559078,24.31,1.0,50784.4525,49426.95625,,
20000,0.40454545454545454,-0.6116043029218785,24.0075,1.0,49605.25875,50088.7725,,
20000,0.4113636363636364,-0.6092568633768423,23.685,1.0,50421.03875,50059.4875,,
20000,0.4181818181818182,-0.6073118917378827,23.80875,1.0,49055.9825,48818.55875,,
20000,0.425,-0.605287454503298,23.78125,1.0,50675.21875,50851.43875,,
20000,0.4318181818181818,-0.6031560632247576,23.525,1.0,48923.325,48819.90375,,
20000,0.4386363636363636,-0.6008610546019016,23.2,1.0,50126.86875,48763.905,,
20000,0.44545454545454544,-0.5990656843308213,23.0925,1.0,48423.50625,50080.42,,
20000,0.45227272727272727,-0.5966656673654558,22.75,1.0,48653.07375,49276.175,,
20000,0.4590909090909091,-0.5949470770768124,22.82125,1.0,49910.11875,50787.91,,
20000,0.4659090909090909,-0.5929763089456707,22.885,1.0,50668.94,48944.00875,,
20000,0.4727272727272727,-0.590787646567486,22.62125,1.0,48910.0475,49262.5525,,
20000,0.47954545454545455,-0.5887065127896434,22.24,1.0,50006.805,49300.2075,,
20000,0.4863636363636364,-0.5866941910648209,22.15875,1.0,50143.2475,50295.56,,
20000,0.49318181818181817,-0.5847389960957606,22.49125,1.0,50978.87,49376.79875,,
20000,0.5,-0.5826182531805856,21.86375,1.0,50232.30375,52012.78375,,
40000,0.0,-0.0014453322977393992,826.1428571428571,2.0,48446.91836734694,45643.71428571428,,
40000,0.006896551724137932,-0.03170540443955701,754.6734693877551,2.0,50477.897959183676,49923.26530612245,,
40000,0.013793103448275864,-0.06643135915519882,784.7843137254902,2.0,43660.549019607846,49030.80392156863,,
40000,0.020689655172413796,-0.09993673186334093,819.26,2.0,53715.86,53651.94,,
40000,0.027586206896551727,-0.13873761450114996,789.4285714285714,2.0,48015.857142857145,49422.71428571428,,
40000,0.03448275862068966,-0.16878409374779188,771.2156862745098,2.0,45999.529411764706,50193.76470588235,,
40000,0.04137931034482759,-0.20072568228952634,810.2857142857143,2.0,56124.102040816324,48594.91836734694,,
40000,0.048275862068965524,-0.2443916777915115,894.48,2.0,48220.56,43424.0,,
40000,0.055172413793103454,-0.27084170319134443,777.469387755102,2.0,57605.36734693877,49561.67346938775,,
40000,0.062068965517241385,-0.31913739841205696,971.0612244897959,2.0,44455.795918367345,58289.816326530614,,
40000,0.06896551724137932,-0.3598057770190006,985.22,2.0,50936.04,57851.7,,
40000,0.07586206896551725,-0.4094346601838547,995.5102040816327,2.0,47730.795918367345,49935.67346938775,,
40000,0.08275862068965519,-0.44803489299013366,1053.9,2.0,52184.1,39255.94,,
40000,0.08965517241379312,-0.514870528632055,1180.36,2.0,56218.08,54347.68,,
40000,0.09655172413793105,-0.622703338823638,1475.8235294117646,1.6274509803921569,51210.76470588235,52332.94117647059,,
40000,0.10344827586206898,-0.7168223267929045,1107.078431372549,1.0196078431372548,48646.294117647056,42816.39215686275,,
40000,0.11034482758620691,-0.7150651849030355,543.66,1.0,54771.14,50002.76,,
40000,0.11724137931034484,-0.7121853976188133,338.46938775510205,1.0,53528.30612244898,47971.4693877551,,
40000,0.12413793103448277,-0.7096383283008341,232.12244897959184,1.0,49848.71428571428,55883.69387755102,,
40000,0.1310344827586207,-0.7066482420751627,161.73469387755102,1.0,52646.71428571428,48705.97959183674,,
40000,0.13793103448275865,-0.7036460907190552,126.58,1.0,44663.82,52305.2,,
40000,0.14482758620689656,-0.7007746506395796,99.18367346938776,1.0,54614.87755102041,53050.4081632653,,
40000,0.1517241379310345,-0.6975991030066723,82.06122448979592,1.0,51660.67346938775,49604.22448979592,,
40000,0.15862068965517243,-0.6952066133981852,72.65306122448979,1.0,44822.38775510204,50890.38775510204,,
40000,0.16551724137931037,-0.6924986820361936,63.16326530612245,1.0,48775.08163265306,52292.95918367347,,
40000,0.1724137931034483,-0.6900103518940779,57.94117647058823,1.0,50345.74509803922,46210.64705882353,,
40000,0.17931034482758623,-0.6865121744603041,52.14,1.0,53272.4,52284.34,,
40000,0.18620689655172415,-0.6849818974008235,47.588235294117645,1.0,46398.74509803922,51048.098039215685,,
40000,0.1931034482758621,-0.6814422524771453,45.183673469387756,1.0,55142.34693877551,53763.183673469386,,
40000,0.2,-0.6792828112511473,42.74603174603175,1.0,49911.80952380953,47734.62698412698,,
40000,0.20681818181818182,-0.6766554166486978,41.532467532467535,1.0,48319.168831168834,51003.42857142857,,
40000,0.21363636363636365,-0.674407424203286,39.43421052631579,1.0,48845.21052631579,53004.92105263158,,
40000,0.22045454545454546,-0.671683577267263,37.98684210526316,1.0,52290.27631578947,48523.47368421053,,
40000,0.2272727272727273,-0.6690928074192382,37.03896103896104,1.0,48038.96103896104,47851.805194805194,,
40000,0.2340909090909091,-0.6662971042418503,36.44736842105263,1.0,52473.27631578947,55608.72368421053,,
40000,0.2409090909090909,-0.664676501663524,37.02597402597402,1.0,57522.05194805195,52913.818181818184,,
40000,0.24772727272727274,-0.6621484254027272,35.324675324675326,1.0,48323.23376623377,46718.0,,
40000,0.2545454545454546,-0.6593316840398924,35.142857142857146,1.0,50686.545454545456,52111.194805194806,,
40000,0.26136363636363635,-0.6574607603936079,35.324675324675326,1.0,46959.454545454544,52059.0,,
40000,0.2681818181818182,-0.6546002194656688,34.61038961038961,1.0,51127.42857142857,51223.194805194806,,
40000,0.275,-0.6524502119741598,32.973684210526315,1.0,51664.94736842105,53338.77631578947,,
40000,0.28181818181818186,-0.6504488875470863,34.03896103896104,1.0,50723.5974025974,53729.818181818184,,
40000,0.28863636363636364,-0.6482449365507296,33.72727272727273,1.0,46406.42857142857,49222.12987012987,,
40000,0.29545454545454547,-0.6460810102451139,32.33766233766234,1.0,47679.12987012987,53092.142857142855,,
40000,0.30227272727272725,-0.6438421966993303,32.4078947368421,1.0,51303.64473684211,51188.10526315789,,
40000,0.3090909090909091,-0.6413985668626522,32.14473684210526,1.0,45555.81578947369,41878.03947368421,,
40000,0.3159090909090909,-0.6391844288840455,30.986842105263158,1.0,47909.38157894737,52913.32894736842,,
40000,0.32272727272727275,-0.6369621384228067,31.61038961038961,1.0,53827.51948051948,45965.37662337662,,
40000,0.3295454545454546,-0.635492553834438,34.064935064935064,1.0,57416.844155844155,45497.805194805194,,
40000,0.33636363636363636,-0.6328575682899472,31.657894736842106,1.0,50849.11842105263,51059.96052631579,,
40000,0.3431818181818182,-0.630704370126166,30.064935064935064,1.0,47714.168831168834,47806.38961038961,,
40000,0.35,-0.6283103784769475,30.723684210526315,1.0,48674.44736842105,55447.14473684211,,
40000,0.3568181818181818,-0.6261133639831163,30.355263157894736,1.0,47640.15789473684,50371.76315789474,,
40000,0.36363636363636365,-0.624352213716759,30.77922077922078,1.0,53943.4025974026,52047.53246753247,,
40000,0.3704545454545455,-0.622018947492041,30.454545454545453,1.0,54206.207792207795,46504.74025974026,,
40000,0.3772727272727273,-0.6200621202386906,29.883116883116884,1.0,49266.33766233766,49105.818181818184,,
40000,0.3840909090909091,-0.6179810639138323,29.90909090909091,1.0,46086.35064935065,47282.87012987013,,
40000,0.3909090909090909,-0.6159003911495693,28.961038961038962,1.0,52336.4025974026,55485.51948051948,,
40000,0.3977272727272727,-0.6135388210049019,28.644736842105264,1.0,51155.93421052631,46781.61842105263,,
40000,0.40454545454545454,-0.6122460803696138,29.662337662337663,1.0,52908.76623376623,50773.454545454544,,
40000,0.4113636363636364,-0.6097504113719582,29.142857142857142,1.0,46752.63636363636,49870.71428571428,,
40000,0.4181818181818182,-0.6076954728989442,29.55263157894737,1.0,58700.27631578947,44003.27631578947,,
40000,0.425,-0.6059579418182748,30.12987012987013,1.0,50118.06493506493,52231.94805194805,,
40000,0.4318181818181818,-0.6029215328406096,27.025974025974026,1.0,52363.37662337662,50724.27272727273,,
40000,0.4386363636363636,-0.6017306455609668,28.144736842105264,1.0,49691.05263157895,48847.59210526316,,
40000,0.44545454545454544,-0.5993663643772782,27.157894736842106,1.0,53779.98684210526,51829.98684210526,,
40000,0.45227272727272727,-0.5972194677043673,28.974025974025974,1.0,49457.805194805194,48800.96103896104,,
40000,0.4590909090909091,-0.5950504724571857,27.376623376623378,1.0,52402.88311688312,47905.857142857145,,
40000,0.4659090909090909,-0.5928673338918206,26.09090909090909,1.0,47147.11688311688,48132.92207792208,,
40000,0.4727272727272727,-0.5910947160806729,27.5974025974026,1.0,50265.896103896106,53195.96103896104,,
40000,0.47954545454545455,-0.5889061942554678,26.09090909090909,1.0,50456.4025974026,53867.805194805194,,
40000,0.4863636363636364,-0.5869146407089114,26.805194805194805,1.0,51373.155844155845,48611.23376623377,,
40000,0.49318181818181817,-0.5852716134081744,26.727272727272727,1.0,52756.12987012987,51719.05194805195,,
40000,0.5,-0.5826181333745891,25.94736842105263,1.0,49941.47368421053,54611.35526315789,,
